Filepath,Target,Type
/glass/glass454.jpg,0,glass
/glass/glass69.jpg,0,glass
/glass/glass385.jpg,0,glass
/glass/glass452.jpg,0,glass
/glass/glass266.jpg,0,glass
/glass/glass347.jpg,0,glass
/glass/glass344.jpg,0,glass
/glass/glass451.jpg,0,glass
/glass/glass19.jpg,0,glass
/glass/glass478.jpg,0,glass
/glass/glass298.jpg,0,glass
/glass/glass373.jpg,0,glass
/glass/glass387.jpg,0,glass
/glass/glass450.jpg,0,glass
/glass/glass405.jpg,0,glass
/glass/glass224.jpg,0,glass
/glass/glass218.jpg,0,glass
/glass/glass115.jpg,0,glass
/glass/glass130.jpg,0,glass
/glass/glass171.jpg,0,glass
/glass/glass280.jpg,0,glass
/glass/glass322.jpg,0,glass
/glass/glass269.jpg,0,glass
/glass/glass11.jpg,0,glass
/glass/glass239.jpg,0,glass
/glass/glass288.jpg,0,glass
/glass/glass438.jpg,0,glass
/glass/glass181.jpg,0,glass
/glass/glass76.jpg,0,glass
/glass/glass303.jpg,0,glass
/glass/glass415.jpg,0,glass
/glass/glass286.jpg,0,glass
/glass/glass3.jpg,0,glass
/glass/glass490.jpg,0,glass
/glass/glass354.jpg,0,glass
/glass/glass156.jpg,0,glass
/glass/glass317.jpg,0,glass
/glass/glass37.jpg,0,glass
/glass/glass73.jpg,0,glass
/glass/glass196.jpg,0,glass
/glass/glass400.jpg,0,glass
/glass/glass321.jpg,0,glass
/glass/glass247.jpg,0,glass
/glass/glass107.jpg,0,glass
/glass/glass437.jpg,0,glass
/glass/glass248.jpg,0,glass
/glass/glass258.jpg,0,glass
/glass/glass213.jpg,0,glass
/glass/glass119.jpg,0,glass
/glass/glass109.jpg,0,glass
/glass/glass426.jpg,0,glass
/glass/glass295.jpg,0,glass
/glass/glass186.jpg,0,glass
/glass/glass150.jpg,0,glass
/glass/glass292.jpg,0,glass
/glass/glass393.jpg,0,glass
/glass/glass88.jpg,0,glass
/glass/glass125.jpg,0,glass
/glass/glass358.jpg,0,glass
/glass/glass357.jpg,0,glass
/glass/glass420.jpg,0,glass
/glass/glass90.jpg,0,glass
/glass/glass404.jpg,0,glass
/glass/glass202.jpg,0,glass
/glass/glass70.jpg,0,glass
/glass/glass140.jpg,0,glass
/glass/glass205.jpg,0,glass
/glass/glass389.jpg,0,glass
/glass/glass80.jpg,0,glass
/glass/glass330.jpg,0,glass
/glass/glass191.jpg,0,glass
/glass/glass242.jpg,0,glass
/glass/glass179.jpg,0,glass
/glass/glass254.jpg,0,glass
/glass/glass409.jpg,0,glass
/glass/glass310.jpg,0,glass
/glass/glass262.jpg,0,glass
/glass/glass49.jpg,0,glass
/glass/glass414.jpg,0,glass
/glass/glass5.jpg,0,glass
/glass/glass477.jpg,0,glass
/glass/glass142.jpg,0,glass
/glass/glass278.jpg,0,glass
/glass/glass14.jpg,0,glass
/glass/glass320.jpg,0,glass
/glass/glass163.jpg,0,glass
/glass/glass367.jpg,0,glass
/glass/glass36.jpg,0,glass
/glass/glass131.jpg,0,glass
/glass/glass362.jpg,0,glass
/glass/glass54.jpg,0,glass
/glass/glass435.jpg,0,glass
/glass/glass126.jpg,0,glass
/glass/glass407.jpg,0,glass
/glass/glass479.jpg,0,glass
/glass/glass328.jpg,0,glass
/glass/glass65.jpg,0,glass
/glass/glass439.jpg,0,glass
/glass/glass251.jpg,0,glass
/glass/glass237.jpg,0,glass
/glass/glass433.jpg,0,glass
/glass/glass149.jpg,0,glass
/glass/glass444.jpg,0,glass
/glass/glass346.jpg,0,glass
/glass/glass418.jpg,0,glass
/glass/glass370.jpg,0,glass
/glass/glass84.jpg,0,glass
/glass/glass226.jpg,0,glass
/glass/glass83.jpg,0,glass
/glass/glass208.jpg,0,glass
/glass/glass392.jpg,0,glass
/glass/glass352.jpg,0,glass
/glass/glass162.jpg,0,glass
/glass/glass222.jpg,0,glass
/glass/glass338.jpg,0,glass
/glass/glass58.jpg,0,glass
/glass/glass485.jpg,0,glass
/glass/glass265.jpg,0,glass
/glass/glass4.jpg,0,glass
/glass/glass182.jpg,0,glass
/glass/glass431.jpg,0,glass
/glass/glass401.jpg,0,glass
/glass/glass236.jpg,0,glass
/glass/glass487.jpg,0,glass
/glass/glass1.jpg,0,glass
/glass/glass261.jpg,0,glass
/glass/glass476.jpg,0,glass
/glass/glass46.jpg,0,glass
/glass/glass123.jpg,0,glass
/glass/glass497.jpg,0,glass
/glass/glass481.jpg,0,glass
/glass/glass201.jpg,0,glass
/glass/glass2.jpg,0,glass
/glass/glass168.jpg,0,glass
/glass/glass157.jpg,0,glass
/glass/glass10.jpg,0,glass
/glass/glass151.jpg,0,glass
/glass/glass111.jpg,0,glass
/glass/glass466.jpg,0,glass
/glass/glass312.jpg,0,glass
/glass/glass89.jpg,0,glass
/glass/glass103.jpg,0,glass
/glass/glass445.jpg,0,glass
/glass/glass468.jpg,0,glass
/glass/glass146.jpg,0,glass
/glass/glass501.jpg,0,glass
/glass/glass29.jpg,0,glass
/glass/glass345.jpg,0,glass
/glass/glass63.jpg,0,glass
/glass/glass211.jpg,0,glass
/glass/glass304.jpg,0,glass
/glass/glass31.jpg,0,glass
/glass/glass18.jpg,0,glass
/glass/glass42.jpg,0,glass
/glass/glass410.jpg,0,glass
/glass/glass337.jpg,0,glass
/glass/glass341.jpg,0,glass
/glass/glass39.jpg,0,glass
/glass/glass135.jpg,0,glass
/glass/glass230.jpg,0,glass
/glass/glass473.jpg,0,glass
/glass/glass190.jpg,0,glass
/glass/glass229.jpg,0,glass
/glass/glass50.jpg,0,glass
/glass/glass472.jpg,0,glass
/glass/glass217.jpg,0,glass
/glass/glass325.jpg,0,glass
/glass/glass302.jpg,0,glass
/glass/glass95.jpg,0,glass
/glass/glass68.jpg,0,glass
/glass/glass313.jpg,0,glass
/glass/glass416.jpg,0,glass
/glass/glass240.jpg,0,glass
/glass/glass178.jpg,0,glass
/glass/glass324.jpg,0,glass
/glass/glass463.jpg,0,glass
/glass/glass187.jpg,0,glass
/glass/glass428.jpg,0,glass
/glass/glass152.jpg,0,glass
/glass/glass45.jpg,0,glass
/glass/glass188.jpg,0,glass
/glass/glass180.jpg,0,glass
/glass/glass99.jpg,0,glass
/glass/glass399.jpg,0,glass
/glass/glass290.jpg,0,glass
/glass/glass424.jpg,0,glass
/glass/glass382.jpg,0,glass
/glass/glass6.jpg,0,glass
/glass/glass483.jpg,0,glass
/glass/glass102.jpg,0,glass
/glass/glass198.jpg,0,glass
/glass/glass275.jpg,0,glass
/glass/glass81.jpg,0,glass
/glass/glass386.jpg,0,glass
/glass/glass64.jpg,0,glass
/glass/glass71.jpg,0,glass
/glass/glass316.jpg,0,glass
/glass/glass355.jpg,0,glass
/glass/glass326.jpg,0,glass
/glass/glass309.jpg,0,glass
/glass/glass471.jpg,0,glass
/glass/glass465.jpg,0,glass
/glass/glass234.jpg,0,glass
/glass/glass315.jpg,0,glass
/glass/glass177.jpg,0,glass
/glass/glass175.jpg,0,glass
/glass/glass425.jpg,0,glass
/glass/glass210.jpg,0,glass
/glass/glass47.jpg,0,glass
/glass/glass453.jpg,0,glass
/glass/glass403.jpg,0,glass
/glass/glass383.jpg,0,glass
/glass/glass38.jpg,0,glass
/glass/glass252.jpg,0,glass
/glass/glass166.jpg,0,glass
/glass/glass461.jpg,0,glass
/glass/glass421.jpg,0,glass
/glass/glass233.jpg,0,glass
/glass/glass112.jpg,0,glass
/glass/glass270.jpg,0,glass
/glass/glass116.jpg,0,glass
/glass/glass85.jpg,0,glass
/glass/glass459.jpg,0,glass
/glass/glass48.jpg,0,glass
/glass/glass8.jpg,0,glass
/glass/glass413.jpg,0,glass
/glass/glass417.jpg,0,glass
/glass/glass366.jpg,0,glass
/glass/glass145.jpg,0,glass
/glass/glass359.jpg,0,glass
/glass/glass356.jpg,0,glass
/glass/glass139.jpg,0,glass
/glass/glass253.jpg,0,glass
/glass/glass299.jpg,0,glass
/glass/glass136.jpg,0,glass
/glass/glass289.jpg,0,glass
/glass/glass381.jpg,0,glass
/glass/glass372.jpg,0,glass
/glass/glass462.jpg,0,glass
/glass/glass52.jpg,0,glass
/glass/glass228.jpg,0,glass
/glass/glass143.jpg,0,glass
/glass/glass184.jpg,0,glass
/glass/glass249.jpg,0,glass
/glass/glass221.jpg,0,glass
/glass/glass363.jpg,0,glass
/glass/glass327.jpg,0,glass
/glass/glass442.jpg,0,glass
/glass/glass176.jpg,0,glass
/glass/glass406.jpg,0,glass
/glass/glass429.jpg,0,glass
/glass/glass22.jpg,0,glass
/glass/glass30.jpg,0,glass
/glass/glass375.jpg,0,glass
/glass/glass192.jpg,0,glass
/glass/glass336.jpg,0,glass
/glass/glass110.jpg,0,glass
/glass/glass55.jpg,0,glass
/glass/glass456.jpg,0,glass
/glass/glass297.jpg,0,glass
/glass/glass43.jpg,0,glass
/glass/glass138.jpg,0,glass
/glass/glass164.jpg,0,glass
/glass/glass360.jpg,0,glass
/glass/glass411.jpg,0,glass
/glass/glass257.jpg,0,glass
/glass/glass153.jpg,0,glass
/glass/glass390.jpg,0,glass
/glass/glass412.jpg,0,glass
/glass/glass41.jpg,0,glass
/glass/glass195.jpg,0,glass
/glass/glass26.jpg,0,glass
/glass/glass160.jpg,0,glass
/glass/glass77.jpg,0,glass
/glass/glass34.jpg,0,glass
/glass/glass314.jpg,0,glass
/glass/glass101.jpg,0,glass
/glass/glass133.jpg,0,glass
/glass/glass397.jpg,0,glass
/glass/glass301.jpg,0,glass
/glass/glass446.jpg,0,glass
/glass/glass169.jpg,0,glass
/glass/glass339.jpg,0,glass
/glass/glass154.jpg,0,glass
/glass/glass108.jpg,0,glass
/glass/glass87.jpg,0,glass
/glass/glass61.jpg,0,glass
/glass/glass155.jpg,0,glass
/glass/glass402.jpg,0,glass
/glass/glass432.jpg,0,glass
/glass/glass323.jpg,0,glass
/glass/glass172.jpg,0,glass
/glass/glass364.jpg,0,glass
/glass/glass482.jpg,0,glass
/glass/glass60.jpg,0,glass
/glass/glass128.jpg,0,glass
/glass/glass448.jpg,0,glass
/glass/glass32.jpg,0,glass
/glass/glass121.jpg,0,glass
/glass/glass271.jpg,0,glass
/glass/glass122.jpg,0,glass
/glass/glass296.jpg,0,glass
/glass/glass492.jpg,0,glass
/glass/glass144.jpg,0,glass
/glass/glass455.jpg,0,glass
/glass/glass353.jpg,0,glass
/glass/glass335.jpg,0,glass
/glass/glass86.jpg,0,glass
/glass/glass436.jpg,0,glass
/glass/glass235.jpg,0,glass
/glass/glass189.jpg,0,glass
/glass/glass470.jpg,0,glass
/glass/glass120.jpg,0,glass
/glass/glass220.jpg,0,glass
/glass/glass20.jpg,0,glass
/glass/glass113.jpg,0,glass
/glass/glass193.jpg,0,glass
/glass/glass333.jpg,0,glass
/glass/glass283.jpg,0,glass
/glass/glass395.jpg,0,glass
/glass/glass277.jpg,0,glass
/glass/glass117.jpg,0,glass
/glass/glass447.jpg,0,glass
/glass/glass285.jpg,0,glass
/glass/glass369.jpg,0,glass
/glass/glass215.jpg,0,glass
/glass/glass159.jpg,0,glass
/glass/glass132.jpg,0,glass
/glass/glass225.jpg,0,glass
/glass/glass423.jpg,0,glass
/glass/glass232.jpg,0,glass
/glass/glass343.jpg,0,glass
/glass/glass458.jpg,0,glass
/glass/glass206.jpg,0,glass
/glass/glass105.jpg,0,glass
/glass/glass9.jpg,0,glass
/glass/glass469.jpg,0,glass
/glass/glass243.jpg,0,glass
/glass/glass185.jpg,0,glass
/glass/glass56.jpg,0,glass
/glass/glass17.jpg,0,glass
/glass/glass246.jpg,0,glass
/glass/glass273.jpg,0,glass
/glass/glass340.jpg,0,glass
/glass/glass231.jpg,0,glass
/glass/glass294.jpg,0,glass
/glass/glass284.jpg,0,glass
/glass/glass331.jpg,0,glass
/glass/glass204.jpg,0,glass
/glass/glass173.jpg,0,glass
/glass/glass245.jpg,0,glass
/glass/glass44.jpg,0,glass
/glass/glass148.jpg,0,glass
/glass/glass380.jpg,0,glass
/glass/glass493.jpg,0,glass
/glass/glass165.jpg,0,glass
/glass/glass498.jpg,0,glass
/glass/glass351.jpg,0,glass
/glass/glass377.jpg,0,glass
/glass/glass223.jpg,0,glass
/glass/glass368.jpg,0,glass
/glass/glass59.jpg,0,glass
/glass/glass129.jpg,0,glass
/glass/glass441.jpg,0,glass
/glass/glass209.jpg,0,glass
/glass/glass264.jpg,0,glass
/glass/glass7.jpg,0,glass
/glass/glass214.jpg,0,glass
/glass/glass244.jpg,0,glass
/glass/glass496.jpg,0,glass
/glass/glass319.jpg,0,glass
/glass/glass256.jpg,0,glass
/glass/glass158.jpg,0,glass
/glass/glass98.jpg,0,glass
/glass/glass350.jpg,0,glass
/glass/glass197.jpg,0,glass
/glass/glass391.jpg,0,glass
/glass/glass219.jpg,0,glass
/glass/glass161.jpg,0,glass
/glass/glass24.jpg,0,glass
/glass/glass227.jpg,0,glass
/glass/glass408.jpg,0,glass
/glass/glass388.jpg,0,glass
/glass/glass349.jpg,0,glass
/glass/glass13.jpg,0,glass
/glass/glass212.jpg,0,glass
/glass/glass183.jpg,0,glass
/glass/glass141.jpg,0,glass
/glass/glass430.jpg,0,glass
/glass/glass306.jpg,0,glass
/glass/glass118.jpg,0,glass
/glass/glass199.jpg,0,glass
/glass/glass361.jpg,0,glass
/glass/glass499.jpg,0,glass
/glass/glass434.jpg,0,glass
/glass/glass137.jpg,0,glass
/glass/glass263.jpg,0,glass
/glass/glass486.jpg,0,glass
/glass/glass106.jpg,0,glass
/glass/glass238.jpg,0,glass
/glass/glass241.jpg,0,glass
/glass/glass443.jpg,0,glass
/glass/glass200.jpg,0,glass
/glass/glass124.jpg,0,glass
/glass/glass398.jpg,0,glass
/glass/glass276.jpg,0,glass
/glass/glass82.jpg,0,glass
/glass/glass93.jpg,0,glass
/glass/glass147.jpg,0,glass
/glass/glass74.jpg,0,glass
/glass/glass489.jpg,0,glass
/glass/glass282.jpg,0,glass
/glass/glass287.jpg,0,glass
/glass/glass194.jpg,0,glass
/glass/glass396.jpg,0,glass
/glass/glass500.jpg,0,glass
/glass/glass307.jpg,0,glass
/glass/glass51.jpg,0,glass
/glass/glass329.jpg,0,glass
/glass/glass422.jpg,0,glass
/glass/glass440.jpg,0,glass
/glass/glass62.jpg,0,glass
/glass/glass33.jpg,0,glass
/glass/glass75.jpg,0,glass
/glass/glass332.jpg,0,glass
/glass/glass449.jpg,0,glass
/glass/glass308.jpg,0,glass
/glass/glass491.jpg,0,glass
/glass/glass457.jpg,0,glass
/glass/glass79.jpg,0,glass
/glass/glass267.jpg,0,glass
/glass/glass379.jpg,0,glass
/glass/glass348.jpg,0,glass
/glass/glass268.jpg,0,glass
/glass/glass250.jpg,0,glass
/glass/glass97.jpg,0,glass
/glass/glass21.jpg,0,glass
/glass/glass114.jpg,0,glass
/glass/glass474.jpg,0,glass
/glass/glass371.jpg,0,glass
/glass/glass92.jpg,0,glass
/glass/glass40.jpg,0,glass
/glass/glass96.jpg,0,glass
/glass/glass305.jpg,0,glass
/glass/glass467.jpg,0,glass
/glass/glass91.jpg,0,glass
/glass/glass279.jpg,0,glass
/glass/glass170.jpg,0,glass
/glass/glass365.jpg,0,glass
/glass/glass72.jpg,0,glass
/glass/glass427.jpg,0,glass
/glass/glass167.jpg,0,glass
/glass/glass293.jpg,0,glass
/glass/glass27.jpg,0,glass
/glass/glass28.jpg,0,glass
/glass/glass67.jpg,0,glass
/glass/glass311.jpg,0,glass
/glass/glass259.jpg,0,glass
/glass/glass25.jpg,0,glass
/glass/glass174.jpg,0,glass
/glass/glass134.jpg,0,glass
/glass/glass207.jpg,0,glass
/glass/glass94.jpg,0,glass
/glass/glass12.jpg,0,glass
/glass/glass374.jpg,0,glass
/glass/glass104.jpg,0,glass
/glass/glass342.jpg,0,glass
/glass/glass318.jpg,0,glass
/glass/glass460.jpg,0,glass
/glass/glass419.jpg,0,glass
/glass/glass16.jpg,0,glass
/glass/glass475.jpg,0,glass
/glass/glass100.jpg,0,glass
/glass/glass203.jpg,0,glass
/glass/glass53.jpg,0,glass
/glass/glass291.jpg,0,glass
/glass/glass484.jpg,0,glass
/glass/glass272.jpg,0,glass
/glass/glass274.jpg,0,glass
/glass/glass376.jpg,0,glass
/glass/glass281.jpg,0,glass
/glass/glass66.jpg,0,glass
/glass/glass378.jpg,0,glass
/glass/glass384.jpg,0,glass
/glass/glass260.jpg,0,glass
/glass/glass15.jpg,0,glass
/glass/glass35.jpg,0,glass
/glass/glass127.jpg,0,glass
/glass/glass255.jpg,0,glass
/glass/glass78.jpg,0,glass
/glass/glass495.jpg,0,glass
/glass/glass494.jpg,0,glass
/glass/glass480.jpg,0,glass
/glass/glass57.jpg,0,glass
/glass/glass23.jpg,0,glass
/glass/glass394.jpg,0,glass
/glass/glass334.jpg,0,glass
/glass/glass216.jpg,0,glass
/glass/glass488.jpg,0,glass
/glass/glass464.jpg,0,glass
/glass/glass300.jpg,0,glass
/paper/paper88.jpg,1,paper
/paper/paper367.jpg,1,paper
/paper/paper144.jpg,1,paper
/paper/paper579.jpg,1,paper
/paper/paper116.jpg,1,paper
/paper/paper126.jpg,1,paper
/paper/paper506.jpg,1,paper
/paper/paper1.jpg,1,paper
/paper/paper22.jpg,1,paper
/paper/paper33.jpg,1,paper
/paper/paper208.jpg,1,paper
/paper/paper500.jpg,1,paper
/paper/paper480.jpg,1,paper
/paper/paper167.jpg,1,paper
/paper/paper349.jpg,1,paper
/paper/paper132.jpg,1,paper
/paper/paper497.jpg,1,paper
/paper/paper133.jpg,1,paper
/paper/paper327.jpg,1,paper
/paper/paper301.jpg,1,paper
/paper/paper292.jpg,1,paper
/paper/paper18.jpg,1,paper
/paper/paper74.jpg,1,paper
/paper/paper441.jpg,1,paper
/paper/paper28.jpg,1,paper
/paper/paper7.jpg,1,paper
/paper/paper456.jpg,1,paper
/paper/paper457.jpg,1,paper
/paper/paper169.jpg,1,paper
/paper/paper163.jpg,1,paper
/paper/paper2.jpg,1,paper
/paper/paper584.jpg,1,paper
/paper/paper560.jpg,1,paper
/paper/paper89.jpg,1,paper
/paper/paper542.jpg,1,paper
/paper/paper312.jpg,1,paper
/paper/paper285.jpg,1,paper
/paper/paper32.jpg,1,paper
/paper/paper127.jpg,1,paper
/paper/paper148.jpg,1,paper
/paper/paper591.jpg,1,paper
/paper/paper478.jpg,1,paper
/paper/paper250.jpg,1,paper
/paper/paper364.jpg,1,paper
/paper/paper243.jpg,1,paper
/paper/paper586.jpg,1,paper
/paper/paper214.jpg,1,paper
/paper/paper487.jpg,1,paper
/paper/paper498.jpg,1,paper
/paper/paper553.jpg,1,paper
/paper/paper381.jpg,1,paper
/paper/paper295.jpg,1,paper
/paper/paper276.jpg,1,paper
/paper/paper281.jpg,1,paper
/paper/paper11.jpg,1,paper
/paper/paper551.jpg,1,paper
/paper/paper425.jpg,1,paper
/paper/paper524.jpg,1,paper
/paper/paper466.jpg,1,paper
/paper/paper198.jpg,1,paper
/paper/paper592.jpg,1,paper
/paper/paper254.jpg,1,paper
/paper/paper511.jpg,1,paper
/paper/paper146.jpg,1,paper
/paper/paper206.jpg,1,paper
/paper/paper330.jpg,1,paper
/paper/paper21.jpg,1,paper
/paper/paper576.jpg,1,paper
/paper/paper523.jpg,1,paper
/paper/paper57.jpg,1,paper
/paper/paper467.jpg,1,paper
/paper/paper362.jpg,1,paper
/paper/paper29.jpg,1,paper
/paper/paper462.jpg,1,paper
/paper/paper390.jpg,1,paper
/paper/paper71.jpg,1,paper
/paper/paper298.jpg,1,paper
/paper/paper223.jpg,1,paper
/paper/paper104.jpg,1,paper
/paper/paper118.jpg,1,paper
/paper/paper259.jpg,1,paper
/paper/paper383.jpg,1,paper
/paper/paper543.jpg,1,paper
/paper/paper409.jpg,1,paper
/paper/paper182.jpg,1,paper
/paper/paper288.jpg,1,paper
/paper/paper396.jpg,1,paper
/paper/paper128.jpg,1,paper
/paper/paper305.jpg,1,paper
/paper/paper407.jpg,1,paper
/paper/paper176.jpg,1,paper
/paper/paper473.jpg,1,paper
/paper/paper69.jpg,1,paper
/paper/paper353.jpg,1,paper
/paper/paper566.jpg,1,paper
/paper/paper402.jpg,1,paper
/paper/paper274.jpg,1,paper
/paper/paper433.jpg,1,paper
/paper/paper582.jpg,1,paper
/paper/paper594.jpg,1,paper
/paper/paper122.jpg,1,paper
/paper/paper504.jpg,1,paper
/paper/paper494.jpg,1,paper
/paper/paper108.jpg,1,paper
/paper/paper408.jpg,1,paper
/paper/paper61.jpg,1,paper
/paper/paper73.jpg,1,paper
/paper/paper335.jpg,1,paper
/paper/paper25.jpg,1,paper
/paper/paper123.jpg,1,paper
/paper/paper149.jpg,1,paper
/paper/paper415.jpg,1,paper
/paper/paper55.jpg,1,paper
/paper/paper557.jpg,1,paper
/paper/paper150.jpg,1,paper
/paper/paper44.jpg,1,paper
/paper/paper446.jpg,1,paper
/paper/paper269.jpg,1,paper
/paper/paper537.jpg,1,paper
/paper/paper567.jpg,1,paper
/paper/paper405.jpg,1,paper
/paper/paper535.jpg,1,paper
/paper/paper187.jpg,1,paper
/paper/paper130.jpg,1,paper
/paper/paper561.jpg,1,paper
/paper/paper422.jpg,1,paper
/paper/paper387.jpg,1,paper
/paper/paper380.jpg,1,paper
/paper/paper447.jpg,1,paper
/paper/paper357.jpg,1,paper
/paper/paper577.jpg,1,paper
/paper/paper412.jpg,1,paper
/paper/paper555.jpg,1,paper
/paper/paper448.jpg,1,paper
/paper/paper151.jpg,1,paper
/paper/paper95.jpg,1,paper
/paper/paper540.jpg,1,paper
/paper/paper66.jpg,1,paper
/paper/paper90.jpg,1,paper
/paper/paper210.jpg,1,paper
/paper/paper505.jpg,1,paper
/paper/paper42.jpg,1,paper
/paper/paper406.jpg,1,paper
/paper/paper290.jpg,1,paper
/paper/paper525.jpg,1,paper
/paper/paper510.jpg,1,paper
/paper/paper571.jpg,1,paper
/paper/paper114.jpg,1,paper
/paper/paper470.jpg,1,paper
/paper/paper160.jpg,1,paper
/paper/paper106.jpg,1,paper
/paper/paper275.jpg,1,paper
/paper/paper47.jpg,1,paper
/paper/paper100.jpg,1,paper
/paper/paper432.jpg,1,paper
/paper/paper310.jpg,1,paper
/paper/paper121.jpg,1,paper
/paper/paper168.jpg,1,paper
/paper/paper43.jpg,1,paper
/paper/paper356.jpg,1,paper
/paper/paper262.jpg,1,paper
/paper/paper16.jpg,1,paper
/paper/paper178.jpg,1,paper
/paper/paper138.jpg,1,paper
/paper/paper240.jpg,1,paper
/paper/paper351.jpg,1,paper
/paper/paper564.jpg,1,paper
/paper/paper70.jpg,1,paper
/paper/paper450.jpg,1,paper
/paper/paper59.jpg,1,paper
/paper/paper45.jpg,1,paper
/paper/paper218.jpg,1,paper
/paper/paper410.jpg,1,paper
/paper/paper481.jpg,1,paper
/paper/paper261.jpg,1,paper
/paper/paper141.jpg,1,paper
/paper/paper60.jpg,1,paper
/paper/paper550.jpg,1,paper
/paper/paper299.jpg,1,paper
/paper/paper10.jpg,1,paper
/paper/paper578.jpg,1,paper
/paper/paper451.jpg,1,paper
/paper/paper366.jpg,1,paper
/paper/paper482.jpg,1,paper
/paper/paper346.jpg,1,paper
/paper/paper420.jpg,1,paper
/paper/paper329.jpg,1,paper
/paper/paper562.jpg,1,paper
/paper/paper545.jpg,1,paper
/paper/paper46.jpg,1,paper
/paper/paper238.jpg,1,paper
/paper/paper83.jpg,1,paper
/paper/paper234.jpg,1,paper
/paper/paper172.jpg,1,paper
/paper/paper192.jpg,1,paper
/paper/paper521.jpg,1,paper
/paper/paper439.jpg,1,paper
/paper/paper514.jpg,1,paper
/paper/paper461.jpg,1,paper
/paper/paper338.jpg,1,paper
/paper/paper572.jpg,1,paper
/paper/paper386.jpg,1,paper
/paper/paper558.jpg,1,paper
/paper/paper516.jpg,1,paper
/paper/paper96.jpg,1,paper
/paper/paper161.jpg,1,paper
/paper/paper437.jpg,1,paper
/paper/paper404.jpg,1,paper
/paper/paper391.jpg,1,paper
/paper/paper134.jpg,1,paper
/paper/paper485.jpg,1,paper
/paper/paper352.jpg,1,paper
/paper/paper397.jpg,1,paper
/paper/paper77.jpg,1,paper
/paper/paper115.jpg,1,paper
/paper/paper489.jpg,1,paper
/paper/paper255.jpg,1,paper
/paper/paper344.jpg,1,paper
/paper/paper13.jpg,1,paper
/paper/paper41.jpg,1,paper
/paper/paper359.jpg,1,paper
/paper/paper284.jpg,1,paper
/paper/paper394.jpg,1,paper
/paper/paper474.jpg,1,paper
/paper/paper384.jpg,1,paper
/paper/paper368.jpg,1,paper
/paper/paper398.jpg,1,paper
/paper/paper239.jpg,1,paper
/paper/paper191.jpg,1,paper
/paper/paper65.jpg,1,paper
/paper/paper580.jpg,1,paper
/paper/paper440.jpg,1,paper
/paper/paper411.jpg,1,paper
/paper/paper430.jpg,1,paper
/paper/paper179.jpg,1,paper
/paper/paper184.jpg,1,paper
/paper/paper548.jpg,1,paper
/paper/paper101.jpg,1,paper
/paper/paper267.jpg,1,paper
/paper/paper64.jpg,1,paper
/paper/paper40.jpg,1,paper
/paper/paper549.jpg,1,paper
/paper/paper9.jpg,1,paper
/paper/paper436.jpg,1,paper
/paper/paper220.jpg,1,paper
/paper/paper552.jpg,1,paper
/paper/paper78.jpg,1,paper
/paper/paper140.jpg,1,paper
/paper/paper339.jpg,1,paper
/paper/paper369.jpg,1,paper
/paper/paper372.jpg,1,paper
/paper/paper226.jpg,1,paper
/paper/paper76.jpg,1,paper
/paper/paper435.jpg,1,paper
/paper/paper156.jpg,1,paper
/paper/paper139.jpg,1,paper
/paper/paper455.jpg,1,paper
/paper/paper125.jpg,1,paper
/paper/paper256.jpg,1,paper
/paper/paper35.jpg,1,paper
/paper/paper530.jpg,1,paper
/paper/paper291.jpg,1,paper
/paper/paper135.jpg,1,paper
/paper/paper493.jpg,1,paper
/paper/paper92.jpg,1,paper
/paper/paper260.jpg,1,paper
/paper/paper370.jpg,1,paper
/paper/paper541.jpg,1,paper
/paper/paper253.jpg,1,paper
/paper/paper443.jpg,1,paper
/paper/paper317.jpg,1,paper
/paper/paper445.jpg,1,paper
/paper/paper189.jpg,1,paper
/paper/paper6.jpg,1,paper
/paper/paper26.jpg,1,paper
/paper/paper315.jpg,1,paper
/paper/paper38.jpg,1,paper
/paper/paper589.jpg,1,paper
/paper/paper82.jpg,1,paper
/paper/paper465.jpg,1,paper
/paper/paper107.jpg,1,paper
/paper/paper265.jpg,1,paper
/paper/paper282.jpg,1,paper
/paper/paper17.jpg,1,paper
/paper/paper593.jpg,1,paper
/paper/paper531.jpg,1,paper
/paper/paper459.jpg,1,paper
/paper/paper454.jpg,1,paper
/paper/paper512.jpg,1,paper
/paper/paper68.jpg,1,paper
/paper/paper464.jpg,1,paper
/paper/paper424.jpg,1,paper
/paper/paper308.jpg,1,paper
/paper/paper337.jpg,1,paper
/paper/paper52.jpg,1,paper
/paper/paper517.jpg,1,paper
/paper/paper400.jpg,1,paper
/paper/paper200.jpg,1,paper
/paper/paper164.jpg,1,paper
/paper/paper8.jpg,1,paper
/paper/paper460.jpg,1,paper
/paper/paper84.jpg,1,paper
/paper/paper293.jpg,1,paper
/paper/paper304.jpg,1,paper
/paper/paper207.jpg,1,paper
/paper/paper442.jpg,1,paper
/paper/paper36.jpg,1,paper
/paper/paper583.jpg,1,paper
/paper/paper483.jpg,1,paper
/paper/paper209.jpg,1,paper
/paper/paper434.jpg,1,paper
/paper/paper296.jpg,1,paper
/paper/paper217.jpg,1,paper
/paper/paper403.jpg,1,paper
/paper/paper233.jpg,1,paper
/paper/paper272.jpg,1,paper
/paper/paper37.jpg,1,paper
/paper/paper14.jpg,1,paper
/paper/paper307.jpg,1,paper
/paper/paper190.jpg,1,paper
/paper/paper331.jpg,1,paper
/paper/paper484.jpg,1,paper
/paper/paper389.jpg,1,paper
/paper/paper418.jpg,1,paper
/paper/paper51.jpg,1,paper
/paper/paper30.jpg,1,paper
/paper/paper162.jpg,1,paper
/paper/paper286.jpg,1,paper
/paper/paper50.jpg,1,paper
/paper/paper332.jpg,1,paper
/paper/paper205.jpg,1,paper
/paper/paper155.jpg,1,paper
/paper/paper324.jpg,1,paper
/paper/paper289.jpg,1,paper
/paper/paper350.jpg,1,paper
/paper/paper98.jpg,1,paper
/paper/paper416.jpg,1,paper
/paper/paper165.jpg,1,paper
/paper/paper242.jpg,1,paper
/paper/paper539.jpg,1,paper
/paper/paper395.jpg,1,paper
/paper/paper486.jpg,1,paper
/paper/paper492.jpg,1,paper
/paper/paper379.jpg,1,paper
/paper/paper453.jpg,1,paper
/paper/paper264.jpg,1,paper
/paper/paper326.jpg,1,paper
/paper/paper354.jpg,1,paper
/paper/paper231.jpg,1,paper
/paper/paper323.jpg,1,paper
/paper/paper177.jpg,1,paper
/paper/paper348.jpg,1,paper
/paper/paper458.jpg,1,paper
/paper/paper587.jpg,1,paper
/paper/paper333.jpg,1,paper
/paper/paper268.jpg,1,paper
/paper/paper360.jpg,1,paper
/paper/paper102.jpg,1,paper
/paper/paper452.jpg,1,paper
/paper/paper318.jpg,1,paper
/paper/paper120.jpg,1,paper
/paper/paper475.jpg,1,paper
/paper/paper202.jpg,1,paper
/paper/paper426.jpg,1,paper
/paper/paper306.jpg,1,paper
/paper/paper343.jpg,1,paper
/paper/paper227.jpg,1,paper
/paper/paper507.jpg,1,paper
/paper/paper12.jpg,1,paper
/paper/paper34.jpg,1,paper
/paper/paper124.jpg,1,paper
/paper/paper476.jpg,1,paper
/paper/paper313.jpg,1,paper
/paper/paper173.jpg,1,paper
/paper/paper204.jpg,1,paper
/paper/paper280.jpg,1,paper
/paper/paper129.jpg,1,paper
/paper/paper63.jpg,1,paper
/paper/paper86.jpg,1,paper
/paper/paper444.jpg,1,paper
/paper/paper283.jpg,1,paper
/paper/paper414.jpg,1,paper
/paper/paper547.jpg,1,paper
/paper/paper145.jpg,1,paper
/paper/paper479.jpg,1,paper
/paper/paper377.jpg,1,paper
/paper/paper355.jpg,1,paper
/paper/paper419.jpg,1,paper
/paper/paper568.jpg,1,paper
/paper/paper345.jpg,1,paper
/paper/paper246.jpg,1,paper
/paper/paper4.jpg,1,paper
/paper/paper279.jpg,1,paper
/paper/paper225.jpg,1,paper
/paper/paper249.jpg,1,paper
/paper/paper277.jpg,1,paper
/paper/paper147.jpg,1,paper
/paper/paper186.jpg,1,paper
/paper/paper388.jpg,1,paper
/paper/paper347.jpg,1,paper
/paper/paper67.jpg,1,paper
/paper/paper213.jpg,1,paper
/paper/paper311.jpg,1,paper
/paper/paper131.jpg,1,paper
/paper/paper518.jpg,1,paper
/paper/paper181.jpg,1,paper
/paper/paper174.jpg,1,paper
/paper/paper581.jpg,1,paper
/paper/paper490.jpg,1,paper
/paper/paper87.jpg,1,paper
/paper/paper20.jpg,1,paper
/paper/paper166.jpg,1,paper
/paper/paper501.jpg,1,paper
/paper/paper413.jpg,1,paper
/paper/paper570.jpg,1,paper
/paper/paper496.jpg,1,paper
/paper/paper532.jpg,1,paper
/paper/paper31.jpg,1,paper
/paper/paper247.jpg,1,paper
/paper/paper142.jpg,1,paper
/paper/paper53.jpg,1,paper
/paper/paper534.jpg,1,paper
/paper/paper508.jpg,1,paper
/paper/paper529.jpg,1,paper
/paper/paper58.jpg,1,paper
/paper/paper15.jpg,1,paper
/paper/paper180.jpg,1,paper
/paper/paper117.jpg,1,paper
/paper/paper48.jpg,1,paper
/paper/paper183.jpg,1,paper
/paper/paper393.jpg,1,paper
/paper/paper575.jpg,1,paper
/paper/paper158.jpg,1,paper
/paper/paper374.jpg,1,paper
/paper/paper110.jpg,1,paper
/paper/paper39.jpg,1,paper
/paper/paper170.jpg,1,paper
/paper/paper509.jpg,1,paper
/paper/paper194.jpg,1,paper
/paper/paper103.jpg,1,paper
/paper/paper423.jpg,1,paper
/paper/paper294.jpg,1,paper
/paper/paper266.jpg,1,paper
/paper/paper468.jpg,1,paper
/paper/paper3.jpg,1,paper
/paper/paper463.jpg,1,paper
/paper/paper316.jpg,1,paper
/paper/paper544.jpg,1,paper
/paper/paper143.jpg,1,paper
/paper/paper221.jpg,1,paper
/paper/paper342.jpg,1,paper
/paper/paper428.jpg,1,paper
/paper/paper365.jpg,1,paper
/paper/paper322.jpg,1,paper
/paper/paper321.jpg,1,paper
/paper/paper417.jpg,1,paper
/paper/paper72.jpg,1,paper
/paper/paper513.jpg,1,paper
/paper/paper113.jpg,1,paper
/paper/paper527.jpg,1,paper
/paper/paper219.jpg,1,paper
/paper/paper54.jpg,1,paper
/paper/paper154.jpg,1,paper
/paper/paper230.jpg,1,paper
/paper/paper538.jpg,1,paper
/paper/paper429.jpg,1,paper
/paper/paper201.jpg,1,paper
/paper/paper229.jpg,1,paper
/paper/paper340.jpg,1,paper
/paper/paper515.jpg,1,paper
/paper/paper199.jpg,1,paper
/paper/paper588.jpg,1,paper
/paper/paper211.jpg,1,paper
/paper/paper328.jpg,1,paper
/paper/paper303.jpg,1,paper
/paper/paper136.jpg,1,paper
/paper/paper502.jpg,1,paper
/paper/paper471.jpg,1,paper
/paper/paper273.jpg,1,paper
/paper/paper469.jpg,1,paper
/paper/paper237.jpg,1,paper
/paper/paper196.jpg,1,paper
/paper/paper248.jpg,1,paper
/paper/paper49.jpg,1,paper
/paper/paper503.jpg,1,paper
/paper/paper382.jpg,1,paper
/paper/paper376.jpg,1,paper
/paper/paper491.jpg,1,paper
/paper/paper526.jpg,1,paper
/paper/paper495.jpg,1,paper
/paper/paper563.jpg,1,paper
/paper/paper153.jpg,1,paper
/paper/paper573.jpg,1,paper
/paper/paper23.jpg,1,paper
/paper/paper224.jpg,1,paper
/paper/paper97.jpg,1,paper
/paper/paper519.jpg,1,paper
/paper/paper94.jpg,1,paper
/paper/paper399.jpg,1,paper
/paper/paper559.jpg,1,paper
/paper/paper569.jpg,1,paper
/paper/paper193.jpg,1,paper
/paper/paper195.jpg,1,paper
/paper/paper287.jpg,1,paper
/paper/paper297.jpg,1,paper
/paper/paper111.jpg,1,paper
/paper/paper373.jpg,1,paper
/paper/paper56.jpg,1,paper
/paper/paper5.jpg,1,paper
/paper/paper522.jpg,1,paper
/paper/paper175.jpg,1,paper
/paper/paper334.jpg,1,paper
/paper/paper375.jpg,1,paper
/paper/paper536.jpg,1,paper
/paper/paper236.jpg,1,paper
/paper/paper371.jpg,1,paper
/paper/paper109.jpg,1,paper
/paper/paper431.jpg,1,paper
/paper/paper358.jpg,1,paper
/paper/paper232.jpg,1,paper
/paper/paper81.jpg,1,paper
/paper/paper24.jpg,1,paper
/paper/paper336.jpg,1,paper
/paper/paper258.jpg,1,paper
/paper/paper91.jpg,1,paper
/paper/paper228.jpg,1,paper
/paper/paper385.jpg,1,paper
/paper/paper472.jpg,1,paper
/paper/paper278.jpg,1,paper
/paper/paper80.jpg,1,paper
/paper/paper251.jpg,1,paper
/paper/paper216.jpg,1,paper
/paper/paper263.jpg,1,paper
/paper/paper427.jpg,1,paper
/paper/paper528.jpg,1,paper
/paper/paper574.jpg,1,paper
/paper/paper19.jpg,1,paper
/paper/paper320.jpg,1,paper
/paper/paper314.jpg,1,paper
/paper/paper215.jpg,1,paper
/paper/paper565.jpg,1,paper
/paper/paper300.jpg,1,paper
/paper/paper157.jpg,1,paper
/paper/paper241.jpg,1,paper
/paper/paper171.jpg,1,paper
/paper/paper212.jpg,1,paper
/paper/paper197.jpg,1,paper
/paper/paper271.jpg,1,paper
/paper/paper203.jpg,1,paper
/paper/paper85.jpg,1,paper
/paper/paper105.jpg,1,paper
/paper/paper361.jpg,1,paper
/paper/paper546.jpg,1,paper
/paper/paper270.jpg,1,paper
/paper/paper401.jpg,1,paper
/paper/paper499.jpg,1,paper
/paper/paper188.jpg,1,paper
/paper/paper488.jpg,1,paper
/paper/paper112.jpg,1,paper
/paper/paper185.jpg,1,paper
/paper/paper378.jpg,1,paper
/paper/paper222.jpg,1,paper
/paper/paper62.jpg,1,paper
/paper/paper119.jpg,1,paper
/paper/paper79.jpg,1,paper
/paper/paper137.jpg,1,paper
/paper/paper520.jpg,1,paper
/paper/paper438.jpg,1,paper
/paper/paper252.jpg,1,paper
/paper/paper319.jpg,1,paper
/paper/paper325.jpg,1,paper
/paper/paper244.jpg,1,paper
/paper/paper449.jpg,1,paper
/paper/paper245.jpg,1,paper
/paper/paper585.jpg,1,paper
/paper/paper99.jpg,1,paper
/paper/paper27.jpg,1,paper
/paper/paper235.jpg,1,paper
/paper/paper533.jpg,1,paper
/paper/paper556.jpg,1,paper
/paper/paper477.jpg,1,paper
/paper/paper257.jpg,1,paper
/paper/paper554.jpg,1,paper
/paper/paper75.jpg,1,paper
/paper/paper363.jpg,1,paper
/paper/paper302.jpg,1,paper
/paper/paper590.jpg,1,paper
/paper/paper341.jpg,1,paper
/paper/paper159.jpg,1,paper
/paper/paper152.jpg,1,paper
/paper/paper421.jpg,1,paper
/paper/paper309.jpg,1,paper
/paper/paper93.jpg,1,paper
/paper/paper392.jpg,1,paper
/cardboard/cardboard174.jpg,2,cardboard
/cardboard/cardboard107.jpg,2,cardboard
/cardboard/cardboard89.jpg,2,cardboard
/cardboard/cardboard27.jpg,2,cardboard
/cardboard/cardboard220.jpg,2,cardboard
/cardboard/cardboard333.jpg,2,cardboard
/cardboard/cardboard105.jpg,2,cardboard
/cardboard/cardboard359.jpg,2,cardboard
/cardboard/cardboard303.jpg,2,cardboard
/cardboard/cardboard59.jpg,2,cardboard
/cardboard/cardboard386.jpg,2,cardboard
/cardboard/cardboard135.jpg,2,cardboard
/cardboard/cardboard109.jpg,2,cardboard
/cardboard/cardboard210.jpg,2,cardboard
/cardboard/cardboard96.jpg,2,cardboard
/cardboard/cardboard290.jpg,2,cardboard
/cardboard/cardboard114.jpg,2,cardboard
/cardboard/cardboard350.jpg,2,cardboard
/cardboard/cardboard371.jpg,2,cardboard
/cardboard/cardboard178.jpg,2,cardboard
/cardboard/cardboard403.jpg,2,cardboard
/cardboard/cardboard396.jpg,2,cardboard
/cardboard/cardboard326.jpg,2,cardboard
/cardboard/cardboard125.jpg,2,cardboard
/cardboard/cardboard11.jpg,2,cardboard
/cardboard/cardboard208.jpg,2,cardboard
/cardboard/cardboard26.jpg,2,cardboard
/cardboard/cardboard187.jpg,2,cardboard
/cardboard/cardboard234.jpg,2,cardboard
/cardboard/cardboard113.jpg,2,cardboard
/cardboard/cardboard219.jpg,2,cardboard
/cardboard/cardboard104.jpg,2,cardboard
/cardboard/cardboard195.jpg,2,cardboard
/cardboard/cardboard71.jpg,2,cardboard
/cardboard/cardboard292.jpg,2,cardboard
/cardboard/cardboard328.jpg,2,cardboard
/cardboard/cardboard205.jpg,2,cardboard
/cardboard/cardboard55.jpg,2,cardboard
/cardboard/cardboard259.jpg,2,cardboard
/cardboard/cardboard149.jpg,2,cardboard
/cardboard/cardboard207.jpg,2,cardboard
/cardboard/cardboard93.jpg,2,cardboard
/cardboard/cardboard176.jpg,2,cardboard
/cardboard/cardboard122.jpg,2,cardboard
/cardboard/cardboard66.jpg,2,cardboard
/cardboard/cardboard240.jpg,2,cardboard
/cardboard/cardboard183.jpg,2,cardboard
/cardboard/cardboard376.jpg,2,cardboard
/cardboard/cardboard179.jpg,2,cardboard
/cardboard/cardboard68.jpg,2,cardboard
/cardboard/cardboard86.jpg,2,cardboard
/cardboard/cardboard390.jpg,2,cardboard
/cardboard/cardboard84.jpg,2,cardboard
/cardboard/cardboard182.jpg,2,cardboard
/cardboard/cardboard38.jpg,2,cardboard
/cardboard/cardboard293.jpg,2,cardboard
/cardboard/cardboard181.jpg,2,cardboard
/cardboard/cardboard353.jpg,2,cardboard
/cardboard/cardboard385.jpg,2,cardboard
/cardboard/cardboard60.jpg,2,cardboard
/cardboard/cardboard88.jpg,2,cardboard
/cardboard/cardboard78.jpg,2,cardboard
/cardboard/cardboard123.jpg,2,cardboard
/cardboard/cardboard280.jpg,2,cardboard
/cardboard/cardboard233.jpg,2,cardboard
/cardboard/cardboard101.jpg,2,cardboard
/cardboard/cardboard99.jpg,2,cardboard
/cardboard/cardboard247.jpg,2,cardboard
/cardboard/cardboard288.jpg,2,cardboard
/cardboard/cardboard184.jpg,2,cardboard
/cardboard/cardboard302.jpg,2,cardboard
/cardboard/cardboard327.jpg,2,cardboard
/cardboard/cardboard186.jpg,2,cardboard
/cardboard/cardboard82.jpg,2,cardboard
/cardboard/cardboard193.jpg,2,cardboard
/cardboard/cardboard317.jpg,2,cardboard
/cardboard/cardboard388.jpg,2,cardboard
/cardboard/cardboard224.jpg,2,cardboard
/cardboard/cardboard313.jpg,2,cardboard
/cardboard/cardboard268.jpg,2,cardboard
/cardboard/cardboard4.jpg,2,cardboard
/cardboard/cardboard366.jpg,2,cardboard
/cardboard/cardboard58.jpg,2,cardboard
/cardboard/cardboard164.jpg,2,cardboard
/cardboard/cardboard369.jpg,2,cardboard
/cardboard/cardboard352.jpg,2,cardboard
/cardboard/cardboard69.jpg,2,cardboard
/cardboard/cardboard163.jpg,2,cardboard
/cardboard/cardboard401.jpg,2,cardboard
/cardboard/cardboard8.jpg,2,cardboard
/cardboard/cardboard364.jpg,2,cardboard
/cardboard/cardboard130.jpg,2,cardboard
/cardboard/cardboard301.jpg,2,cardboard
/cardboard/cardboard103.jpg,2,cardboard
/cardboard/cardboard325.jpg,2,cardboard
/cardboard/cardboard10.jpg,2,cardboard
/cardboard/cardboard16.jpg,2,cardboard
/cardboard/cardboard192.jpg,2,cardboard
/cardboard/cardboard155.jpg,2,cardboard
/cardboard/cardboard204.jpg,2,cardboard
/cardboard/cardboard221.jpg,2,cardboard
/cardboard/cardboard98.jpg,2,cardboard
/cardboard/cardboard200.jpg,2,cardboard
/cardboard/cardboard161.jpg,2,cardboard
/cardboard/cardboard61.jpg,2,cardboard
/cardboard/cardboard139.jpg,2,cardboard
/cardboard/cardboard83.jpg,2,cardboard
/cardboard/cardboard242.jpg,2,cardboard
/cardboard/cardboard294.jpg,2,cardboard
/cardboard/cardboard151.jpg,2,cardboard
/cardboard/cardboard158.jpg,2,cardboard
/cardboard/cardboard250.jpg,2,cardboard
/cardboard/cardboard323.jpg,2,cardboard
/cardboard/cardboard14.jpg,2,cardboard
/cardboard/cardboard320.jpg,2,cardboard
/cardboard/cardboard131.jpg,2,cardboard
/cardboard/cardboard152.jpg,2,cardboard
/cardboard/cardboard225.jpg,2,cardboard
/cardboard/cardboard363.jpg,2,cardboard
/cardboard/cardboard332.jpg,2,cardboard
/cardboard/cardboard63.jpg,2,cardboard
/cardboard/cardboard171.jpg,2,cardboard
/cardboard/cardboard270.jpg,2,cardboard
/cardboard/cardboard372.jpg,2,cardboard
/cardboard/cardboard65.jpg,2,cardboard
/cardboard/cardboard53.jpg,2,cardboard
/cardboard/cardboard228.jpg,2,cardboard
/cardboard/cardboard291.jpg,2,cardboard
/cardboard/cardboard300.jpg,2,cardboard
/cardboard/cardboard190.jpg,2,cardboard
/cardboard/cardboard74.jpg,2,cardboard
/cardboard/cardboard21.jpg,2,cardboard
/cardboard/cardboard45.jpg,2,cardboard
/cardboard/cardboard67.jpg,2,cardboard
/cardboard/cardboard306.jpg,2,cardboard
/cardboard/cardboard252.jpg,2,cardboard
/cardboard/cardboard40.jpg,2,cardboard
/cardboard/cardboard138.jpg,2,cardboard
/cardboard/cardboard243.jpg,2,cardboard
/cardboard/cardboard267.jpg,2,cardboard
/cardboard/cardboard262.jpg,2,cardboard
/cardboard/cardboard75.jpg,2,cardboard
/cardboard/cardboard316.jpg,2,cardboard
/cardboard/cardboard189.jpg,2,cardboard
/cardboard/cardboard213.jpg,2,cardboard
/cardboard/cardboard400.jpg,2,cardboard
/cardboard/cardboard121.jpg,2,cardboard
/cardboard/cardboard92.jpg,2,cardboard
/cardboard/cardboard51.jpg,2,cardboard
/cardboard/cardboard119.jpg,2,cardboard
/cardboard/cardboard37.jpg,2,cardboard
/cardboard/cardboard191.jpg,2,cardboard
/cardboard/cardboard206.jpg,2,cardboard
/cardboard/cardboard209.jpg,2,cardboard
/cardboard/cardboard116.jpg,2,cardboard
/cardboard/cardboard49.jpg,2,cardboard
/cardboard/cardboard31.jpg,2,cardboard
/cardboard/cardboard165.jpg,2,cardboard
/cardboard/cardboard168.jpg,2,cardboard
/cardboard/cardboard261.jpg,2,cardboard
/cardboard/cardboard358.jpg,2,cardboard
/cardboard/cardboard76.jpg,2,cardboard
/cardboard/cardboard365.jpg,2,cardboard
/cardboard/cardboard378.jpg,2,cardboard
/cardboard/cardboard338.jpg,2,cardboard
/cardboard/cardboard211.jpg,2,cardboard
/cardboard/cardboard56.jpg,2,cardboard
/cardboard/cardboard185.jpg,2,cardboard
/cardboard/cardboard356.jpg,2,cardboard
/cardboard/cardboard339.jpg,2,cardboard
/cardboard/cardboard36.jpg,2,cardboard
/cardboard/cardboard244.jpg,2,cardboard
/cardboard/cardboard351.jpg,2,cardboard
/cardboard/cardboard335.jpg,2,cardboard
/cardboard/cardboard203.jpg,2,cardboard
/cardboard/cardboard237.jpg,2,cardboard
/cardboard/cardboard33.jpg,2,cardboard
/cardboard/cardboard162.jpg,2,cardboard
/cardboard/cardboard312.jpg,2,cardboard
/cardboard/cardboard126.jpg,2,cardboard
/cardboard/cardboard134.jpg,2,cardboard
/cardboard/cardboard127.jpg,2,cardboard
/cardboard/cardboard349.jpg,2,cardboard
/cardboard/cardboard272.jpg,2,cardboard
/cardboard/cardboard314.jpg,2,cardboard
/cardboard/cardboard281.jpg,2,cardboard
/cardboard/cardboard52.jpg,2,cardboard
/cardboard/cardboard108.jpg,2,cardboard
/cardboard/cardboard309.jpg,2,cardboard
/cardboard/cardboard285.jpg,2,cardboard
/cardboard/cardboard6.jpg,2,cardboard
/cardboard/cardboard278.jpg,2,cardboard
/cardboard/cardboard145.jpg,2,cardboard
/cardboard/cardboard94.jpg,2,cardboard
/cardboard/cardboard70.jpg,2,cardboard
/cardboard/cardboard296.jpg,2,cardboard
/cardboard/cardboard3.jpg,2,cardboard
/cardboard/cardboard362.jpg,2,cardboard
/cardboard/cardboard50.jpg,2,cardboard
/cardboard/cardboard238.jpg,2,cardboard
/cardboard/cardboard85.jpg,2,cardboard
/cardboard/cardboard367.jpg,2,cardboard
/cardboard/cardboard142.jpg,2,cardboard
/cardboard/cardboard379.jpg,2,cardboard
/cardboard/cardboard266.jpg,2,cardboard
/cardboard/cardboard399.jpg,2,cardboard
/cardboard/cardboard1.jpg,2,cardboard
/cardboard/cardboard337.jpg,2,cardboard
/cardboard/cardboard30.jpg,2,cardboard
/cardboard/cardboard172.jpg,2,cardboard
/cardboard/cardboard227.jpg,2,cardboard
/cardboard/cardboard48.jpg,2,cardboard
/cardboard/cardboard198.jpg,2,cardboard
/cardboard/cardboard235.jpg,2,cardboard
/cardboard/cardboard166.jpg,2,cardboard
/cardboard/cardboard230.jpg,2,cardboard
/cardboard/cardboard260.jpg,2,cardboard
/cardboard/cardboard77.jpg,2,cardboard
/cardboard/cardboard329.jpg,2,cardboard
/cardboard/cardboard331.jpg,2,cardboard
/cardboard/cardboard44.jpg,2,cardboard
/cardboard/cardboard17.jpg,2,cardboard
/cardboard/cardboard391.jpg,2,cardboard
/cardboard/cardboard150.jpg,2,cardboard
/cardboard/cardboard382.jpg,2,cardboard
/cardboard/cardboard304.jpg,2,cardboard
/cardboard/cardboard64.jpg,2,cardboard
/cardboard/cardboard5.jpg,2,cardboard
/cardboard/cardboard54.jpg,2,cardboard
/cardboard/cardboard357.jpg,2,cardboard
/cardboard/cardboard334.jpg,2,cardboard
/cardboard/cardboard15.jpg,2,cardboard
/cardboard/cardboard24.jpg,2,cardboard
/cardboard/cardboard389.jpg,2,cardboard
/cardboard/cardboard144.jpg,2,cardboard
/cardboard/cardboard216.jpg,2,cardboard
/cardboard/cardboard118.jpg,2,cardboard
/cardboard/cardboard256.jpg,2,cardboard
/cardboard/cardboard160.jpg,2,cardboard
/cardboard/cardboard212.jpg,2,cardboard
/cardboard/cardboard269.jpg,2,cardboard
/cardboard/cardboard13.jpg,2,cardboard
/cardboard/cardboard274.jpg,2,cardboard
/cardboard/cardboard72.jpg,2,cardboard
/cardboard/cardboard218.jpg,2,cardboard
/cardboard/cardboard344.jpg,2,cardboard
/cardboard/cardboard12.jpg,2,cardboard
/cardboard/cardboard23.jpg,2,cardboard
/cardboard/cardboard277.jpg,2,cardboard
/cardboard/cardboard295.jpg,2,cardboard
/cardboard/cardboard370.jpg,2,cardboard
/cardboard/cardboard156.jpg,2,cardboard
/cardboard/cardboard308.jpg,2,cardboard
/cardboard/cardboard222.jpg,2,cardboard
/cardboard/cardboard373.jpg,2,cardboard
/cardboard/cardboard341.jpg,2,cardboard
/cardboard/cardboard287.jpg,2,cardboard
/cardboard/cardboard169.jpg,2,cardboard
/cardboard/cardboard347.jpg,2,cardboard
/cardboard/cardboard80.jpg,2,cardboard
/cardboard/cardboard100.jpg,2,cardboard
/cardboard/cardboard271.jpg,2,cardboard
/cardboard/cardboard231.jpg,2,cardboard
/cardboard/cardboard254.jpg,2,cardboard
/cardboard/cardboard18.jpg,2,cardboard
/cardboard/cardboard46.jpg,2,cardboard
/cardboard/cardboard41.jpg,2,cardboard
/cardboard/cardboard214.jpg,2,cardboard
/cardboard/cardboard202.jpg,2,cardboard
/cardboard/cardboard393.jpg,2,cardboard
/cardboard/cardboard217.jpg,2,cardboard
/cardboard/cardboard28.jpg,2,cardboard
/cardboard/cardboard153.jpg,2,cardboard
/cardboard/cardboard299.jpg,2,cardboard
/cardboard/cardboard387.jpg,2,cardboard
/cardboard/cardboard236.jpg,2,cardboard
/cardboard/cardboard232.jpg,2,cardboard
/cardboard/cardboard265.jpg,2,cardboard
/cardboard/cardboard117.jpg,2,cardboard
/cardboard/cardboard112.jpg,2,cardboard
/cardboard/cardboard22.jpg,2,cardboard
/cardboard/cardboard47.jpg,2,cardboard
/cardboard/cardboard305.jpg,2,cardboard
/cardboard/cardboard175.jpg,2,cardboard
/cardboard/cardboard282.jpg,2,cardboard
/cardboard/cardboard336.jpg,2,cardboard
/cardboard/cardboard81.jpg,2,cardboard
/cardboard/cardboard29.jpg,2,cardboard
/cardboard/cardboard345.jpg,2,cardboard
/cardboard/cardboard226.jpg,2,cardboard
/cardboard/cardboard42.jpg,2,cardboard
/cardboard/cardboard368.jpg,2,cardboard
/cardboard/cardboard124.jpg,2,cardboard
/cardboard/cardboard324.jpg,2,cardboard
/cardboard/cardboard159.jpg,2,cardboard
/cardboard/cardboard173.jpg,2,cardboard
/cardboard/cardboard310.jpg,2,cardboard
/cardboard/cardboard279.jpg,2,cardboard
/cardboard/cardboard20.jpg,2,cardboard
/cardboard/cardboard398.jpg,2,cardboard
/cardboard/cardboard229.jpg,2,cardboard
/cardboard/cardboard197.jpg,2,cardboard
/cardboard/cardboard253.jpg,2,cardboard
/cardboard/cardboard201.jpg,2,cardboard
/cardboard/cardboard354.jpg,2,cardboard
/cardboard/cardboard361.jpg,2,cardboard
/cardboard/cardboard128.jpg,2,cardboard
/cardboard/cardboard322.jpg,2,cardboard
/cardboard/cardboard343.jpg,2,cardboard
/cardboard/cardboard258.jpg,2,cardboard
/cardboard/cardboard7.jpg,2,cardboard
/cardboard/cardboard397.jpg,2,cardboard
/cardboard/cardboard79.jpg,2,cardboard
/cardboard/cardboard157.jpg,2,cardboard
/cardboard/cardboard147.jpg,2,cardboard
/cardboard/cardboard110.jpg,2,cardboard
/cardboard/cardboard39.jpg,2,cardboard
/cardboard/cardboard62.jpg,2,cardboard
/cardboard/cardboard188.jpg,2,cardboard
/cardboard/cardboard2.jpg,2,cardboard
/cardboard/cardboard199.jpg,2,cardboard
/cardboard/cardboard9.jpg,2,cardboard
/cardboard/cardboard384.jpg,2,cardboard
/cardboard/cardboard340.jpg,2,cardboard
/cardboard/cardboard141.jpg,2,cardboard
/cardboard/cardboard248.jpg,2,cardboard
/cardboard/cardboard276.jpg,2,cardboard
/cardboard/cardboard87.jpg,2,cardboard
/cardboard/cardboard297.jpg,2,cardboard
/cardboard/cardboard298.jpg,2,cardboard
/cardboard/cardboard146.jpg,2,cardboard
/cardboard/cardboard196.jpg,2,cardboard
/cardboard/cardboard273.jpg,2,cardboard
/cardboard/cardboard43.jpg,2,cardboard
/cardboard/cardboard180.jpg,2,cardboard
/cardboard/cardboard106.jpg,2,cardboard
/cardboard/cardboard315.jpg,2,cardboard
/cardboard/cardboard319.jpg,2,cardboard
/cardboard/cardboard311.jpg,2,cardboard
/cardboard/cardboard380.jpg,2,cardboard
/cardboard/cardboard246.jpg,2,cardboard
/cardboard/cardboard34.jpg,2,cardboard
/cardboard/cardboard284.jpg,2,cardboard
/cardboard/cardboard348.jpg,2,cardboard
/cardboard/cardboard275.jpg,2,cardboard
/cardboard/cardboard148.jpg,2,cardboard
/cardboard/cardboard263.jpg,2,cardboard
/cardboard/cardboard97.jpg,2,cardboard
/cardboard/cardboard402.jpg,2,cardboard
/cardboard/cardboard283.jpg,2,cardboard
/cardboard/cardboard318.jpg,2,cardboard
/cardboard/cardboard154.jpg,2,cardboard
/cardboard/cardboard19.jpg,2,cardboard
/cardboard/cardboard194.jpg,2,cardboard
/cardboard/cardboard394.jpg,2,cardboard
/cardboard/cardboard73.jpg,2,cardboard
/cardboard/cardboard395.jpg,2,cardboard
/cardboard/cardboard392.jpg,2,cardboard
/cardboard/cardboard137.jpg,2,cardboard
/cardboard/cardboard360.jpg,2,cardboard
/cardboard/cardboard251.jpg,2,cardboard
/cardboard/cardboard170.jpg,2,cardboard
/cardboard/cardboard346.jpg,2,cardboard
/cardboard/cardboard129.jpg,2,cardboard
/cardboard/cardboard120.jpg,2,cardboard
/cardboard/cardboard102.jpg,2,cardboard
/cardboard/cardboard177.jpg,2,cardboard
/cardboard/cardboard342.jpg,2,cardboard
/cardboard/cardboard264.jpg,2,cardboard
/cardboard/cardboard383.jpg,2,cardboard
/cardboard/cardboard111.jpg,2,cardboard
/cardboard/cardboard374.jpg,2,cardboard
/cardboard/cardboard330.jpg,2,cardboard
/cardboard/cardboard223.jpg,2,cardboard
/cardboard/cardboard140.jpg,2,cardboard
/cardboard/cardboard95.jpg,2,cardboard
/cardboard/cardboard307.jpg,2,cardboard
/cardboard/cardboard35.jpg,2,cardboard
/cardboard/cardboard133.jpg,2,cardboard
/cardboard/cardboard257.jpg,2,cardboard
/cardboard/cardboard321.jpg,2,cardboard
/cardboard/cardboard377.jpg,2,cardboard
/cardboard/cardboard115.jpg,2,cardboard
/cardboard/cardboard241.jpg,2,cardboard
/cardboard/cardboard143.jpg,2,cardboard
/cardboard/cardboard167.jpg,2,cardboard
/cardboard/cardboard91.jpg,2,cardboard
/cardboard/cardboard25.jpg,2,cardboard
/cardboard/cardboard245.jpg,2,cardboard
/cardboard/cardboard239.jpg,2,cardboard
/cardboard/cardboard136.jpg,2,cardboard
/cardboard/cardboard355.jpg,2,cardboard
/cardboard/cardboard381.jpg,2,cardboard
/cardboard/cardboard132.jpg,2,cardboard
/cardboard/cardboard255.jpg,2,cardboard
/cardboard/cardboard32.jpg,2,cardboard
/cardboard/cardboard249.jpg,2,cardboard
/cardboard/cardboard286.jpg,2,cardboard
/cardboard/cardboard57.jpg,2,cardboard
/cardboard/cardboard375.jpg,2,cardboard
/cardboard/cardboard215.jpg,2,cardboard
/cardboard/cardboard90.jpg,2,cardboard
/cardboard/cardboard289.jpg,2,cardboard
/plastic/plastic473.jpg,3,plastic
/plastic/plastic213.jpg,3,plastic
/plastic/plastic262.jpg,3,plastic
/plastic/plastic83.jpg,3,plastic
/plastic/plastic438.jpg,3,plastic
/plastic/plastic453.jpg,3,plastic
/plastic/plastic328.jpg,3,plastic
/plastic/plastic101.jpg,3,plastic
/plastic/plastic75.jpg,3,plastic
/plastic/plastic237.jpg,3,plastic
/plastic/plastic209.jpg,3,plastic
/plastic/plastic12.jpg,3,plastic
/plastic/plastic41.jpg,3,plastic
/plastic/plastic40.jpg,3,plastic
/plastic/plastic418.jpg,3,plastic
/plastic/plastic117.jpg,3,plastic
/plastic/plastic131.jpg,3,plastic
/plastic/plastic336.jpg,3,plastic
/plastic/plastic181.jpg,3,plastic
/plastic/plastic17.jpg,3,plastic
/plastic/plastic466.jpg,3,plastic
/plastic/plastic42.jpg,3,plastic
/plastic/plastic141.jpg,3,plastic
/plastic/plastic320.jpg,3,plastic
/plastic/plastic344.jpg,3,plastic
/plastic/plastic359.jpg,3,plastic
/plastic/plastic179.jpg,3,plastic
/plastic/plastic3.jpg,3,plastic
/plastic/plastic174.jpg,3,plastic
/plastic/plastic436.jpg,3,plastic
/plastic/plastic378.jpg,3,plastic
/plastic/plastic151.jpg,3,plastic
/plastic/plastic167.jpg,3,plastic
/plastic/plastic173.jpg,3,plastic
/plastic/plastic225.jpg,3,plastic
/plastic/plastic396.jpg,3,plastic
/plastic/plastic439.jpg,3,plastic
/plastic/plastic449.jpg,3,plastic
/plastic/plastic298.jpg,3,plastic
/plastic/plastic55.jpg,3,plastic
/plastic/plastic235.jpg,3,plastic
/plastic/plastic430.jpg,3,plastic
/plastic/plastic335.jpg,3,plastic
/plastic/plastic362.jpg,3,plastic
/plastic/plastic220.jpg,3,plastic
/plastic/plastic224.jpg,3,plastic
/plastic/plastic231.jpg,3,plastic
/plastic/plastic455.jpg,3,plastic
/plastic/plastic369.jpg,3,plastic
/plastic/plastic234.jpg,3,plastic
/plastic/plastic134.jpg,3,plastic
/plastic/plastic122.jpg,3,plastic
/plastic/plastic475.jpg,3,plastic
/plastic/plastic433.jpg,3,plastic
/plastic/plastic413.jpg,3,plastic
/plastic/plastic112.jpg,3,plastic
/plastic/plastic323.jpg,3,plastic
/plastic/plastic427.jpg,3,plastic
/plastic/plastic211.jpg,3,plastic
/plastic/plastic9.jpg,3,plastic
/plastic/plastic404.jpg,3,plastic
/plastic/plastic199.jpg,3,plastic
/plastic/plastic91.jpg,3,plastic
/plastic/plastic322.jpg,3,plastic
/plastic/plastic180.jpg,3,plastic
/plastic/plastic76.jpg,3,plastic
/plastic/plastic129.jpg,3,plastic
/plastic/plastic267.jpg,3,plastic
/plastic/plastic349.jpg,3,plastic
/plastic/plastic286.jpg,3,plastic
/plastic/plastic331.jpg,3,plastic
/plastic/plastic383.jpg,3,plastic
/plastic/plastic93.jpg,3,plastic
/plastic/plastic409.jpg,3,plastic
/plastic/plastic195.jpg,3,plastic
/plastic/plastic303.jpg,3,plastic
/plastic/plastic478.jpg,3,plastic
/plastic/plastic125.jpg,3,plastic
/plastic/plastic373.jpg,3,plastic
/plastic/plastic426.jpg,3,plastic
/plastic/plastic405.jpg,3,plastic
/plastic/plastic355.jpg,3,plastic
/plastic/plastic243.jpg,3,plastic
/plastic/plastic25.jpg,3,plastic
/plastic/plastic2.jpg,3,plastic
/plastic/plastic82.jpg,3,plastic
/plastic/plastic422.jpg,3,plastic
/plastic/plastic388.jpg,3,plastic
/plastic/plastic450.jpg,3,plastic
/plastic/plastic210.jpg,3,plastic
/plastic/plastic417.jpg,3,plastic
/plastic/plastic94.jpg,3,plastic
/plastic/plastic35.jpg,3,plastic
/plastic/plastic163.jpg,3,plastic
/plastic/plastic394.jpg,3,plastic
/plastic/plastic88.jpg,3,plastic
/plastic/plastic442.jpg,3,plastic
/plastic/plastic291.jpg,3,plastic
/plastic/plastic258.jpg,3,plastic
/plastic/plastic178.jpg,3,plastic
/plastic/plastic463.jpg,3,plastic
/plastic/plastic348.jpg,3,plastic
/plastic/plastic304.jpg,3,plastic
/plastic/plastic158.jpg,3,plastic
/plastic/plastic45.jpg,3,plastic
/plastic/plastic123.jpg,3,plastic
/plastic/plastic202.jpg,3,plastic
/plastic/plastic165.jpg,3,plastic
/plastic/plastic153.jpg,3,plastic
/plastic/plastic114.jpg,3,plastic
/plastic/plastic351.jpg,3,plastic
/plastic/plastic259.jpg,3,plastic
/plastic/plastic280.jpg,3,plastic
/plastic/plastic62.jpg,3,plastic
/plastic/plastic270.jpg,3,plastic
/plastic/plastic263.jpg,3,plastic
/plastic/plastic216.jpg,3,plastic
/plastic/plastic309.jpg,3,plastic
/plastic/plastic118.jpg,3,plastic
/plastic/plastic77.jpg,3,plastic
/plastic/plastic368.jpg,3,plastic
/plastic/plastic170.jpg,3,plastic
/plastic/plastic452.jpg,3,plastic
/plastic/plastic227.jpg,3,plastic
/plastic/plastic95.jpg,3,plastic
/plastic/plastic324.jpg,3,plastic
/plastic/plastic370.jpg,3,plastic
/plastic/plastic297.jpg,3,plastic
/plastic/plastic467.jpg,3,plastic
/plastic/plastic319.jpg,3,plastic
/plastic/plastic63.jpg,3,plastic
/plastic/plastic480.jpg,3,plastic
/plastic/plastic11.jpg,3,plastic
/plastic/plastic232.jpg,3,plastic
/plastic/plastic299.jpg,3,plastic
/plastic/plastic187.jpg,3,plastic
/plastic/plastic288.jpg,3,plastic
/plastic/plastic21.jpg,3,plastic
/plastic/plastic397.jpg,3,plastic
/plastic/plastic111.jpg,3,plastic
/plastic/plastic138.jpg,3,plastic
/plastic/plastic85.jpg,3,plastic
/plastic/plastic116.jpg,3,plastic
/plastic/plastic182.jpg,3,plastic
/plastic/plastic159.jpg,3,plastic
/plastic/plastic446.jpg,3,plastic
/plastic/plastic4.jpg,3,plastic
/plastic/plastic380.jpg,3,plastic
/plastic/plastic149.jpg,3,plastic
/plastic/plastic264.jpg,3,plastic
/plastic/plastic363.jpg,3,plastic
/plastic/plastic13.jpg,3,plastic
/plastic/plastic72.jpg,3,plastic
/plastic/plastic185.jpg,3,plastic
/plastic/plastic347.jpg,3,plastic
/plastic/plastic100.jpg,3,plastic
/plastic/plastic382.jpg,3,plastic
/plastic/plastic470.jpg,3,plastic
/plastic/plastic260.jpg,3,plastic
/plastic/plastic457.jpg,3,plastic
/plastic/plastic140.jpg,3,plastic
/plastic/plastic124.jpg,3,plastic
/plastic/plastic145.jpg,3,plastic
/plastic/plastic31.jpg,3,plastic
/plastic/plastic190.jpg,3,plastic
/plastic/plastic395.jpg,3,plastic
/plastic/plastic26.jpg,3,plastic
/plastic/plastic307.jpg,3,plastic
/plastic/plastic352.jpg,3,plastic
/plastic/plastic155.jpg,3,plastic
/plastic/plastic127.jpg,3,plastic
/plastic/plastic384.jpg,3,plastic
/plastic/plastic287.jpg,3,plastic
/plastic/plastic238.jpg,3,plastic
/plastic/plastic192.jpg,3,plastic
/plastic/plastic379.jpg,3,plastic
/plastic/plastic321.jpg,3,plastic
/plastic/plastic477.jpg,3,plastic
/plastic/plastic6.jpg,3,plastic
/plastic/plastic390.jpg,3,plastic
/plastic/plastic295.jpg,3,plastic
/plastic/plastic54.jpg,3,plastic
/plastic/plastic128.jpg,3,plastic
/plastic/plastic377.jpg,3,plastic
/plastic/plastic34.jpg,3,plastic
/plastic/plastic171.jpg,3,plastic
/plastic/plastic186.jpg,3,plastic
/plastic/plastic389.jpg,3,plastic
/plastic/plastic308.jpg,3,plastic
/plastic/plastic371.jpg,3,plastic
/plastic/plastic252.jpg,3,plastic
/plastic/plastic300.jpg,3,plastic
/plastic/plastic431.jpg,3,plastic
/plastic/plastic312.jpg,3,plastic
/plastic/plastic5.jpg,3,plastic
/plastic/plastic407.jpg,3,plastic
/plastic/plastic233.jpg,3,plastic
/plastic/plastic471.jpg,3,plastic
/plastic/plastic273.jpg,3,plastic
/plastic/plastic79.jpg,3,plastic
/plastic/plastic255.jpg,3,plastic
/plastic/plastic275.jpg,3,plastic
/plastic/plastic346.jpg,3,plastic
/plastic/plastic468.jpg,3,plastic
/plastic/plastic203.jpg,3,plastic
/plastic/plastic293.jpg,3,plastic
/plastic/plastic90.jpg,3,plastic
/plastic/plastic37.jpg,3,plastic
/plastic/plastic416.jpg,3,plastic
/plastic/plastic52.jpg,3,plastic
/plastic/plastic257.jpg,3,plastic
/plastic/plastic317.jpg,3,plastic
/plastic/plastic350.jpg,3,plastic
/plastic/plastic398.jpg,3,plastic
/plastic/plastic196.jpg,3,plastic
/plastic/plastic387.jpg,3,plastic
/plastic/plastic53.jpg,3,plastic
/plastic/plastic191.jpg,3,plastic
/plastic/plastic462.jpg,3,plastic
/plastic/plastic142.jpg,3,plastic
/plastic/plastic29.jpg,3,plastic
/plastic/plastic441.jpg,3,plastic
/plastic/plastic212.jpg,3,plastic
/plastic/plastic337.jpg,3,plastic
/plastic/plastic39.jpg,3,plastic
/plastic/plastic168.jpg,3,plastic
/plastic/plastic221.jpg,3,plastic
/plastic/plastic332.jpg,3,plastic
/plastic/plastic51.jpg,3,plastic
/plastic/plastic460.jpg,3,plastic
/plastic/plastic374.jpg,3,plastic
/plastic/plastic481.jpg,3,plastic
/plastic/plastic152.jpg,3,plastic
/plastic/plastic121.jpg,3,plastic
/plastic/plastic56.jpg,3,plastic
/plastic/plastic339.jpg,3,plastic
/plastic/plastic245.jpg,3,plastic
/plastic/plastic420.jpg,3,plastic
/plastic/plastic70.jpg,3,plastic
/plastic/plastic289.jpg,3,plastic
/plastic/plastic84.jpg,3,plastic
/plastic/plastic411.jpg,3,plastic
/plastic/plastic162.jpg,3,plastic
/plastic/plastic408.jpg,3,plastic
/plastic/plastic119.jpg,3,plastic
/plastic/plastic81.jpg,3,plastic
/plastic/plastic172.jpg,3,plastic
/plastic/plastic86.jpg,3,plastic
/plastic/plastic274.jpg,3,plastic
/plastic/plastic160.jpg,3,plastic
/plastic/plastic354.jpg,3,plastic
/plastic/plastic454.jpg,3,plastic
/plastic/plastic14.jpg,3,plastic
/plastic/plastic193.jpg,3,plastic
/plastic/plastic451.jpg,3,plastic
/plastic/plastic444.jpg,3,plastic
/plastic/plastic269.jpg,3,plastic
/plastic/plastic136.jpg,3,plastic
/plastic/plastic223.jpg,3,plastic
/plastic/plastic226.jpg,3,plastic
/plastic/plastic342.jpg,3,plastic
/plastic/plastic106.jpg,3,plastic
/plastic/plastic279.jpg,3,plastic
/plastic/plastic341.jpg,3,plastic
/plastic/plastic67.jpg,3,plastic
/plastic/plastic296.jpg,3,plastic
/plastic/plastic294.jpg,3,plastic
/plastic/plastic80.jpg,3,plastic
/plastic/plastic166.jpg,3,plastic
/plastic/plastic164.jpg,3,plastic
/plastic/plastic27.jpg,3,plastic
/plastic/plastic219.jpg,3,plastic
/plastic/plastic24.jpg,3,plastic
/plastic/plastic428.jpg,3,plastic
/plastic/plastic248.jpg,3,plastic
/plastic/plastic271.jpg,3,plastic
/plastic/plastic109.jpg,3,plastic
/plastic/plastic73.jpg,3,plastic
/plastic/plastic251.jpg,3,plastic
/plastic/plastic375.jpg,3,plastic
/plastic/plastic281.jpg,3,plastic
/plastic/plastic458.jpg,3,plastic
/plastic/plastic89.jpg,3,plastic
/plastic/plastic367.jpg,3,plastic
/plastic/plastic246.jpg,3,plastic
/plastic/plastic64.jpg,3,plastic
/plastic/plastic97.jpg,3,plastic
/plastic/plastic412.jpg,3,plastic
/plastic/plastic60.jpg,3,plastic
/plastic/plastic10.jpg,3,plastic
/plastic/plastic98.jpg,3,plastic
/plastic/plastic46.jpg,3,plastic
/plastic/plastic406.jpg,3,plastic
/plastic/plastic47.jpg,3,plastic
/plastic/plastic290.jpg,3,plastic
/plastic/plastic302.jpg,3,plastic
/plastic/plastic169.jpg,3,plastic
/plastic/plastic69.jpg,3,plastic
/plastic/plastic277.jpg,3,plastic
/plastic/plastic278.jpg,3,plastic
/plastic/plastic469.jpg,3,plastic
/plastic/plastic205.jpg,3,plastic
/plastic/plastic401.jpg,3,plastic
/plastic/plastic176.jpg,3,plastic
/plastic/plastic135.jpg,3,plastic
/plastic/plastic425.jpg,3,plastic
/plastic/plastic143.jpg,3,plastic
/plastic/plastic57.jpg,3,plastic
/plastic/plastic329.jpg,3,plastic
/plastic/plastic218.jpg,3,plastic
/plastic/plastic208.jpg,3,plastic
/plastic/plastic15.jpg,3,plastic
/plastic/plastic242.jpg,3,plastic
/plastic/plastic472.jpg,3,plastic
/plastic/plastic437.jpg,3,plastic
/plastic/plastic236.jpg,3,plastic
/plastic/plastic230.jpg,3,plastic
/plastic/plastic194.jpg,3,plastic
/plastic/plastic479.jpg,3,plastic
/plastic/plastic292.jpg,3,plastic
/plastic/plastic59.jpg,3,plastic
/plastic/plastic214.jpg,3,plastic
/plastic/plastic33.jpg,3,plastic
/plastic/plastic32.jpg,3,plastic
/plastic/plastic306.jpg,3,plastic
/plastic/plastic402.jpg,3,plastic
/plastic/plastic120.jpg,3,plastic
/plastic/plastic419.jpg,3,plastic
/plastic/plastic482.jpg,3,plastic
/plastic/plastic30.jpg,3,plastic
/plastic/plastic113.jpg,3,plastic
/plastic/plastic381.jpg,3,plastic
/plastic/plastic66.jpg,3,plastic
/plastic/plastic115.jpg,3,plastic
/plastic/plastic247.jpg,3,plastic
/plastic/plastic133.jpg,3,plastic
/plastic/plastic200.jpg,3,plastic
/plastic/plastic239.jpg,3,plastic
/plastic/plastic282.jpg,3,plastic
/plastic/plastic50.jpg,3,plastic
/plastic/plastic204.jpg,3,plastic
/plastic/plastic102.jpg,3,plastic
/plastic/plastic327.jpg,3,plastic
/plastic/plastic361.jpg,3,plastic
/plastic/plastic198.jpg,3,plastic
/plastic/plastic244.jpg,3,plastic
/plastic/plastic161.jpg,3,plastic
/plastic/plastic71.jpg,3,plastic
/plastic/plastic126.jpg,3,plastic
/plastic/plastic385.jpg,3,plastic
/plastic/plastic132.jpg,3,plastic
/plastic/plastic130.jpg,3,plastic
/plastic/plastic360.jpg,3,plastic
/plastic/plastic435.jpg,3,plastic
/plastic/plastic38.jpg,3,plastic
/plastic/plastic18.jpg,3,plastic
/plastic/plastic229.jpg,3,plastic
/plastic/plastic326.jpg,3,plastic
/plastic/plastic365.jpg,3,plastic
/plastic/plastic139.jpg,3,plastic
/plastic/plastic28.jpg,3,plastic
/plastic/plastic201.jpg,3,plastic
/plastic/plastic250.jpg,3,plastic
/plastic/plastic207.jpg,3,plastic
/plastic/plastic476.jpg,3,plastic
/plastic/plastic386.jpg,3,plastic
/plastic/plastic364.jpg,3,plastic
/plastic/plastic334.jpg,3,plastic
/plastic/plastic22.jpg,3,plastic
/plastic/plastic318.jpg,3,plastic
/plastic/plastic61.jpg,3,plastic
/plastic/plastic44.jpg,3,plastic
/plastic/plastic48.jpg,3,plastic
/plastic/plastic254.jpg,3,plastic
/plastic/plastic96.jpg,3,plastic
/plastic/plastic107.jpg,3,plastic
/plastic/plastic456.jpg,3,plastic
/plastic/plastic74.jpg,3,plastic
/plastic/plastic7.jpg,3,plastic
/plastic/plastic356.jpg,3,plastic
/plastic/plastic20.jpg,3,plastic
/plastic/plastic391.jpg,3,plastic
/plastic/plastic345.jpg,3,plastic
/plastic/plastic197.jpg,3,plastic
/plastic/plastic36.jpg,3,plastic
/plastic/plastic333.jpg,3,plastic
/plastic/plastic58.jpg,3,plastic
/plastic/plastic108.jpg,3,plastic
/plastic/plastic146.jpg,3,plastic
/plastic/plastic432.jpg,3,plastic
/plastic/plastic305.jpg,3,plastic
/plastic/plastic461.jpg,3,plastic
/plastic/plastic372.jpg,3,plastic
/plastic/plastic217.jpg,3,plastic
/plastic/plastic393.jpg,3,plastic
/plastic/plastic301.jpg,3,plastic
/plastic/plastic445.jpg,3,plastic
/plastic/plastic316.jpg,3,plastic
/plastic/plastic23.jpg,3,plastic
/plastic/plastic156.jpg,3,plastic
/plastic/plastic392.jpg,3,plastic
/plastic/plastic311.jpg,3,plastic
/plastic/plastic448.jpg,3,plastic
/plastic/plastic150.jpg,3,plastic
/plastic/plastic206.jpg,3,plastic
/plastic/plastic68.jpg,3,plastic
/plastic/plastic49.jpg,3,plastic
/plastic/plastic464.jpg,3,plastic
/plastic/plastic16.jpg,3,plastic
/plastic/plastic415.jpg,3,plastic
/plastic/plastic315.jpg,3,plastic
/plastic/plastic148.jpg,3,plastic
/plastic/plastic175.jpg,3,plastic
/plastic/plastic87.jpg,3,plastic
/plastic/plastic157.jpg,3,plastic
/plastic/plastic249.jpg,3,plastic
/plastic/plastic403.jpg,3,plastic
/plastic/plastic104.jpg,3,plastic
/plastic/plastic353.jpg,3,plastic
/plastic/plastic310.jpg,3,plastic
/plastic/plastic65.jpg,3,plastic
/plastic/plastic253.jpg,3,plastic
/plastic/plastic154.jpg,3,plastic
/plastic/plastic256.jpg,3,plastic
/plastic/plastic357.jpg,3,plastic
/plastic/plastic340.jpg,3,plastic
/plastic/plastic241.jpg,3,plastic
/plastic/plastic189.jpg,3,plastic
/plastic/plastic474.jpg,3,plastic
/plastic/plastic8.jpg,3,plastic
/plastic/plastic222.jpg,3,plastic
/plastic/plastic261.jpg,3,plastic
/plastic/plastic144.jpg,3,plastic
/plastic/plastic78.jpg,3,plastic
/plastic/plastic443.jpg,3,plastic
/plastic/plastic414.jpg,3,plastic
/plastic/plastic184.jpg,3,plastic
/plastic/plastic92.jpg,3,plastic
/plastic/plastic240.jpg,3,plastic
/plastic/plastic313.jpg,3,plastic
/plastic/plastic177.jpg,3,plastic
/plastic/plastic283.jpg,3,plastic
/plastic/plastic343.jpg,3,plastic
/plastic/plastic410.jpg,3,plastic
/plastic/plastic137.jpg,3,plastic
/plastic/plastic272.jpg,3,plastic
/plastic/plastic325.jpg,3,plastic
/plastic/plastic465.jpg,3,plastic
/plastic/plastic19.jpg,3,plastic
/plastic/plastic103.jpg,3,plastic
/plastic/plastic314.jpg,3,plastic
/plastic/plastic284.jpg,3,plastic
/plastic/plastic215.jpg,3,plastic
/plastic/plastic424.jpg,3,plastic
/plastic/plastic440.jpg,3,plastic
/plastic/plastic434.jpg,3,plastic
/plastic/plastic188.jpg,3,plastic
/plastic/plastic338.jpg,3,plastic
/plastic/plastic268.jpg,3,plastic
/plastic/plastic429.jpg,3,plastic
/plastic/plastic366.jpg,3,plastic
/plastic/plastic110.jpg,3,plastic
/plastic/plastic266.jpg,3,plastic
/plastic/plastic459.jpg,3,plastic
/plastic/plastic147.jpg,3,plastic
/plastic/plastic421.jpg,3,plastic
/plastic/plastic423.jpg,3,plastic
/plastic/plastic43.jpg,3,plastic
/plastic/plastic285.jpg,3,plastic
/plastic/plastic358.jpg,3,plastic
/plastic/plastic447.jpg,3,plastic
/plastic/plastic99.jpg,3,plastic
/plastic/plastic183.jpg,3,plastic
/plastic/plastic276.jpg,3,plastic
/plastic/plastic105.jpg,3,plastic
/plastic/plastic399.jpg,3,plastic
/plastic/plastic1.jpg,3,plastic
/plastic/plastic376.jpg,3,plastic
/plastic/plastic330.jpg,3,plastic
/plastic/plastic265.jpg,3,plastic
/plastic/plastic400.jpg,3,plastic
/plastic/plastic228.jpg,3,plastic
/metal/metal38.jpg,4,metal
/metal/metal89.jpg,4,metal
/metal/metal260.jpg,4,metal
/metal/metal204.jpg,4,metal
/metal/metal229.jpg,4,metal
/metal/metal306.jpg,4,metal
/metal/metal162.jpg,4,metal
/metal/metal97.jpg,4,metal
/metal/metal390.jpg,4,metal
/metal/metal328.jpg,4,metal
/metal/metal45.jpg,4,metal
/metal/metal292.jpg,4,metal
/metal/metal167.jpg,4,metal
/metal/metal228.jpg,4,metal
/metal/metal80.jpg,4,metal
/metal/metal125.jpg,4,metal
/metal/metal84.jpg,4,metal
/metal/metal106.jpg,4,metal
/metal/metal196.jpg,4,metal
/metal/metal66.jpg,4,metal
/metal/metal175.jpg,4,metal
/metal/metal96.jpg,4,metal
/metal/metal347.jpg,4,metal
/metal/metal399.jpg,4,metal
/metal/metal410.jpg,4,metal
/metal/metal40.jpg,4,metal
/metal/metal154.jpg,4,metal
/metal/metal241.jpg,4,metal
/metal/metal353.jpg,4,metal
/metal/metal46.jpg,4,metal
/metal/metal252.jpg,4,metal
/metal/metal358.jpg,4,metal
/metal/metal101.jpg,4,metal
/metal/metal230.jpg,4,metal
/metal/metal180.jpg,4,metal
/metal/metal239.jpg,4,metal
/metal/metal102.jpg,4,metal
/metal/metal110.jpg,4,metal
/metal/metal378.jpg,4,metal
/metal/metal135.jpg,4,metal
/metal/metal47.jpg,4,metal
/metal/metal276.jpg,4,metal
/metal/metal222.jpg,4,metal
/metal/metal93.jpg,4,metal
/metal/metal126.jpg,4,metal
/metal/metal232.jpg,4,metal
/metal/metal91.jpg,4,metal
/metal/metal289.jpg,4,metal
/metal/metal223.jpg,4,metal
/metal/metal389.jpg,4,metal
/metal/metal387.jpg,4,metal
/metal/metal189.jpg,4,metal
/metal/metal76.jpg,4,metal
/metal/metal48.jpg,4,metal
/metal/metal206.jpg,4,metal
/metal/metal236.jpg,4,metal
/metal/metal151.jpg,4,metal
/metal/metal166.jpg,4,metal
/metal/metal307.jpg,4,metal
/metal/metal220.jpg,4,metal
/metal/metal332.jpg,4,metal
/metal/metal202.jpg,4,metal
/metal/metal53.jpg,4,metal
/metal/metal359.jpg,4,metal
/metal/metal301.jpg,4,metal
/metal/metal159.jpg,4,metal
/metal/metal87.jpg,4,metal
/metal/metal284.jpg,4,metal
/metal/metal31.jpg,4,metal
/metal/metal177.jpg,4,metal
/metal/metal286.jpg,4,metal
/metal/metal121.jpg,4,metal
/metal/metal408.jpg,4,metal
/metal/metal63.jpg,4,metal
/metal/metal400.jpg,4,metal
/metal/metal141.jpg,4,metal
/metal/metal364.jpg,4,metal
/metal/metal6.jpg,4,metal
/metal/metal65.jpg,4,metal
/metal/metal270.jpg,4,metal
/metal/metal356.jpg,4,metal
/metal/metal285.jpg,4,metal
/metal/metal404.jpg,4,metal
/metal/metal136.jpg,4,metal
/metal/metal344.jpg,4,metal
/metal/metal321.jpg,4,metal
/metal/metal42.jpg,4,metal
/metal/metal169.jpg,4,metal
/metal/metal337.jpg,4,metal
/metal/metal35.jpg,4,metal
/metal/metal374.jpg,4,metal
/metal/metal86.jpg,4,metal
/metal/metal372.jpg,4,metal
/metal/metal85.jpg,4,metal
/metal/metal240.jpg,4,metal
/metal/metal172.jpg,4,metal
/metal/metal14.jpg,4,metal
/metal/metal30.jpg,4,metal
/metal/metal327.jpg,4,metal
/metal/metal265.jpg,4,metal
/metal/metal82.jpg,4,metal
/metal/metal43.jpg,4,metal
/metal/metal217.jpg,4,metal
/metal/metal309.jpg,4,metal
/metal/metal362.jpg,4,metal
/metal/metal291.jpg,4,metal
/metal/metal34.jpg,4,metal
/metal/metal261.jpg,4,metal
/metal/metal74.jpg,4,metal
/metal/metal287.jpg,4,metal
/metal/metal19.jpg,4,metal
/metal/metal388.jpg,4,metal
/metal/metal155.jpg,4,metal
/metal/metal311.jpg,4,metal
/metal/metal187.jpg,4,metal
/metal/metal39.jpg,4,metal
/metal/metal333.jpg,4,metal
/metal/metal393.jpg,4,metal
/metal/metal77.jpg,4,metal
/metal/metal283.jpg,4,metal
/metal/metal263.jpg,4,metal
/metal/metal72.jpg,4,metal
/metal/metal50.jpg,4,metal
/metal/metal351.jpg,4,metal
/metal/metal317.jpg,4,metal
/metal/metal242.jpg,4,metal
/metal/metal218.jpg,4,metal
/metal/metal234.jpg,4,metal
/metal/metal199.jpg,4,metal
/metal/metal314.jpg,4,metal
/metal/metal225.jpg,4,metal
/metal/metal49.jpg,4,metal
/metal/metal277.jpg,4,metal
/metal/metal268.jpg,4,metal
/metal/metal251.jpg,4,metal
/metal/metal342.jpg,4,metal
/metal/metal322.jpg,4,metal
/metal/metal407.jpg,4,metal
/metal/metal340.jpg,4,metal
/metal/metal246.jpg,4,metal
/metal/metal215.jpg,4,metal
/metal/metal346.jpg,4,metal
/metal/metal8.jpg,4,metal
/metal/metal264.jpg,4,metal
/metal/metal191.jpg,4,metal
/metal/metal315.jpg,4,metal
/metal/metal376.jpg,4,metal
/metal/metal190.jpg,4,metal
/metal/metal391.jpg,4,metal
/metal/metal70.jpg,4,metal
/metal/metal33.jpg,4,metal
/metal/metal331.jpg,4,metal
/metal/metal160.jpg,4,metal
/metal/metal143.jpg,4,metal
/metal/metal120.jpg,4,metal
/metal/metal221.jpg,4,metal
/metal/metal9.jpg,4,metal
/metal/metal365.jpg,4,metal
/metal/metal195.jpg,4,metal
/metal/metal395.jpg,4,metal
/metal/metal99.jpg,4,metal
/metal/metal403.jpg,4,metal
/metal/metal2.jpg,4,metal
/metal/metal208.jpg,4,metal
/metal/metal303.jpg,4,metal
/metal/metal312.jpg,4,metal
/metal/metal116.jpg,4,metal
/metal/metal95.jpg,4,metal
/metal/metal343.jpg,4,metal
/metal/metal41.jpg,4,metal
/metal/metal25.jpg,4,metal
/metal/metal56.jpg,4,metal
/metal/metal26.jpg,4,metal
/metal/metal15.jpg,4,metal
/metal/metal79.jpg,4,metal
/metal/metal295.jpg,4,metal
/metal/metal249.jpg,4,metal
/metal/metal377.jpg,4,metal
/metal/metal184.jpg,4,metal
/metal/metal396.jpg,4,metal
/metal/metal183.jpg,4,metal
/metal/metal137.jpg,4,metal
/metal/metal20.jpg,4,metal
/metal/metal21.jpg,4,metal
/metal/metal382.jpg,4,metal
/metal/metal336.jpg,4,metal
/metal/metal397.jpg,4,metal
/metal/metal275.jpg,4,metal
/metal/metal55.jpg,4,metal
/metal/metal111.jpg,4,metal
/metal/metal406.jpg,4,metal
/metal/metal203.jpg,4,metal
/metal/metal269.jpg,4,metal
/metal/metal112.jpg,4,metal
/metal/metal124.jpg,4,metal
/metal/metal32.jpg,4,metal
/metal/metal118.jpg,4,metal
/metal/metal310.jpg,4,metal
/metal/metal349.jpg,4,metal
/metal/metal133.jpg,4,metal
/metal/metal188.jpg,4,metal
/metal/metal22.jpg,4,metal
/metal/metal123.jpg,4,metal
/metal/metal90.jpg,4,metal
/metal/metal73.jpg,4,metal
/metal/metal373.jpg,4,metal
/metal/metal338.jpg,4,metal
/metal/metal52.jpg,4,metal
/metal/metal384.jpg,4,metal
/metal/metal299.jpg,4,metal
/metal/metal1.jpg,4,metal
/metal/metal214.jpg,4,metal
/metal/metal36.jpg,4,metal
/metal/metal354.jpg,4,metal
/metal/metal98.jpg,4,metal
/metal/metal330.jpg,4,metal
/metal/metal130.jpg,4,metal
/metal/metal409.jpg,4,metal
/metal/metal319.jpg,4,metal
/metal/metal274.jpg,4,metal
/metal/metal224.jpg,4,metal
/metal/metal381.jpg,4,metal
/metal/metal350.jpg,4,metal
/metal/metal334.jpg,4,metal
/metal/metal271.jpg,4,metal
/metal/metal152.jpg,4,metal
/metal/metal363.jpg,4,metal
/metal/metal75.jpg,4,metal
/metal/metal380.jpg,4,metal
/metal/metal302.jpg,4,metal
/metal/metal288.jpg,4,metal
/metal/metal158.jpg,4,metal
/metal/metal227.jpg,4,metal
/metal/metal207.jpg,4,metal
/metal/metal142.jpg,4,metal
/metal/metal385.jpg,4,metal
/metal/metal313.jpg,4,metal
/metal/metal250.jpg,4,metal
/metal/metal104.jpg,4,metal
/metal/metal71.jpg,4,metal
/metal/metal145.jpg,4,metal
/metal/metal245.jpg,4,metal
/metal/metal67.jpg,4,metal
/metal/metal231.jpg,4,metal
/metal/metal281.jpg,4,metal
/metal/metal60.jpg,4,metal
/metal/metal163.jpg,4,metal
/metal/metal131.jpg,4,metal
/metal/metal29.jpg,4,metal
/metal/metal278.jpg,4,metal
/metal/metal259.jpg,4,metal
/metal/metal267.jpg,4,metal
/metal/metal147.jpg,4,metal
/metal/metal81.jpg,4,metal
/metal/metal243.jpg,4,metal
/metal/metal107.jpg,4,metal
/metal/metal37.jpg,4,metal
/metal/metal24.jpg,4,metal
/metal/metal144.jpg,4,metal
/metal/metal254.jpg,4,metal
/metal/metal294.jpg,4,metal
/metal/metal237.jpg,4,metal
/metal/metal18.jpg,4,metal
/metal/metal88.jpg,4,metal
/metal/metal296.jpg,4,metal
/metal/metal181.jpg,4,metal
/metal/metal329.jpg,4,metal
/metal/metal153.jpg,4,metal
/metal/metal297.jpg,4,metal
/metal/metal405.jpg,4,metal
/metal/metal371.jpg,4,metal
/metal/metal146.jpg,4,metal
/metal/metal253.jpg,4,metal
/metal/metal212.jpg,4,metal
/metal/metal369.jpg,4,metal
/metal/metal59.jpg,4,metal
/metal/metal318.jpg,4,metal
/metal/metal213.jpg,4,metal
/metal/metal257.jpg,4,metal
/metal/metal379.jpg,4,metal
/metal/metal211.jpg,4,metal
/metal/metal23.jpg,4,metal
/metal/metal219.jpg,4,metal
/metal/metal326.jpg,4,metal
/metal/metal262.jpg,4,metal
/metal/metal7.jpg,4,metal
/metal/metal17.jpg,4,metal
/metal/metal370.jpg,4,metal
/metal/metal168.jpg,4,metal
/metal/metal402.jpg,4,metal
/metal/metal117.jpg,4,metal
/metal/metal148.jpg,4,metal
/metal/metal341.jpg,4,metal
/metal/metal51.jpg,4,metal
/metal/metal272.jpg,4,metal
/metal/metal119.jpg,4,metal
/metal/metal178.jpg,4,metal
/metal/metal205.jpg,4,metal
/metal/metal57.jpg,4,metal
/metal/metal171.jpg,4,metal
/metal/metal115.jpg,4,metal
/metal/metal94.jpg,4,metal
/metal/metal198.jpg,4,metal
/metal/metal282.jpg,4,metal
/metal/metal273.jpg,4,metal
/metal/metal186.jpg,4,metal
/metal/metal290.jpg,4,metal
/metal/metal320.jpg,4,metal
/metal/metal165.jpg,4,metal
/metal/metal58.jpg,4,metal
/metal/metal5.jpg,4,metal
/metal/metal209.jpg,4,metal
/metal/metal255.jpg,4,metal
/metal/metal308.jpg,4,metal
/metal/metal150.jpg,4,metal
/metal/metal157.jpg,4,metal
/metal/metal244.jpg,4,metal
/metal/metal348.jpg,4,metal
/metal/metal170.jpg,4,metal
/metal/metal27.jpg,4,metal
/metal/metal139.jpg,4,metal
/metal/metal78.jpg,4,metal
/metal/metal64.jpg,4,metal
/metal/metal293.jpg,4,metal
/metal/metal305.jpg,4,metal
/metal/metal194.jpg,4,metal
/metal/metal216.jpg,4,metal
/metal/metal173.jpg,4,metal
/metal/metal386.jpg,4,metal
/metal/metal235.jpg,4,metal
/metal/metal355.jpg,4,metal
/metal/metal113.jpg,4,metal
/metal/metal185.jpg,4,metal
/metal/metal394.jpg,4,metal
/metal/metal114.jpg,4,metal
/metal/metal105.jpg,4,metal
/metal/metal10.jpg,4,metal
/metal/metal127.jpg,4,metal
/metal/metal138.jpg,4,metal
/metal/metal392.jpg,4,metal
/metal/metal149.jpg,4,metal
/metal/metal164.jpg,4,metal
/metal/metal298.jpg,4,metal
/metal/metal28.jpg,4,metal
/metal/metal62.jpg,4,metal
/metal/metal248.jpg,4,metal
/metal/metal197.jpg,4,metal
/metal/metal13.jpg,4,metal
/metal/metal92.jpg,4,metal
/metal/metal108.jpg,4,metal
/metal/metal201.jpg,4,metal
/metal/metal226.jpg,4,metal
/metal/metal140.jpg,4,metal
/metal/metal238.jpg,4,metal
/metal/metal266.jpg,4,metal
/metal/metal304.jpg,4,metal
/metal/metal279.jpg,4,metal
/metal/metal54.jpg,4,metal
/metal/metal68.jpg,4,metal
/metal/metal192.jpg,4,metal
/metal/metal324.jpg,4,metal
/metal/metal367.jpg,4,metal
/metal/metal300.jpg,4,metal
/metal/metal339.jpg,4,metal
/metal/metal323.jpg,4,metal
/metal/metal345.jpg,4,metal
/metal/metal398.jpg,4,metal
/metal/metal16.jpg,4,metal
/metal/metal161.jpg,4,metal
/metal/metal375.jpg,4,metal
/metal/metal134.jpg,4,metal
/metal/metal360.jpg,4,metal
/metal/metal335.jpg,4,metal
/metal/metal179.jpg,4,metal
/metal/metal182.jpg,4,metal
/metal/metal352.jpg,4,metal
/metal/metal200.jpg,4,metal
/metal/metal109.jpg,4,metal
/metal/metal401.jpg,4,metal
/metal/metal128.jpg,4,metal
/metal/metal69.jpg,4,metal
/metal/metal368.jpg,4,metal
/metal/metal247.jpg,4,metal
/metal/metal256.jpg,4,metal
/metal/metal11.jpg,4,metal
/metal/metal258.jpg,4,metal
/metal/metal325.jpg,4,metal
/metal/metal233.jpg,4,metal
/metal/metal280.jpg,4,metal
/metal/metal174.jpg,4,metal
/metal/metal100.jpg,4,metal
/metal/metal3.jpg,4,metal
/metal/metal83.jpg,4,metal
/metal/metal4.jpg,4,metal
/metal/metal132.jpg,4,metal
/metal/metal61.jpg,4,metal
/metal/metal316.jpg,4,metal
/metal/metal12.jpg,4,metal
/metal/metal383.jpg,4,metal
/metal/metal193.jpg,4,metal
/metal/metal366.jpg,4,metal
/metal/metal357.jpg,4,metal
/metal/metal156.jpg,4,metal
/metal/metal129.jpg,4,metal
/metal/metal176.jpg,4,metal
/metal/metal103.jpg,4,metal
/metal/metal210.jpg,4,metal
/metal/metal122.jpg,4,metal
/metal/metal361.jpg,4,metal
/metal/metal44.jpg,4,metal